"","area_id","SI"
"1","017002001",0.0130516300170775
"2","017002003/01",19.2920788968374
"3","017004001",46.1847341611364
"4","017004002",1.56213391688572
"5","017004003",31.9856005863493
"6","017005002",0.0741920482890295
"7","017008002/017008001",1.86554451401598
"8","017008003",23.6930325837099
"9","017008004",34.5166250220571
"10","017009002",0.67211057551523
"11","017010001",103.114896419406
"12","017010002",1363.51566934874
"13","017010003",6.22706703258277
"14","017010004",153.53167528953
"15","017010005",1478.99059149455
"16","017010006/017010007",775.726489633122
"17","017010007",92.0457829715216
"18","017010010",1319.79641485296
"19","017010011",555.396058515759
"20","017010012/01",383.703313589156
"21","017010012/02",241.068450075749
"22","017010013",972.80278490641
"23","017010014",868.385303279808
"24","017010015",24.424990020947
"25","017010016",776.259423260141
"26","017010017",1035.0617787091
"27","017010018",1110.70819177102
"28","017010019",1370.57092189082
"29","017010020",1580.6633389241
"30","017010021",1413.75090910065
"31","017010022",786.315716595363
"32","017010023",1035.54671136446
"33","017010024",397.81109087282
"34","017010025",20.1585630815034
"35","017010026",731.215363887601
"36","017010027",152.118469891607
"37","017010028",3.86079923385921
"38","017010029/017010046",665.042252794004
"39","017010030",90.9552318302324
"40","017010031",674.953588174359
"41","017010032",1524.94023471537
"42","017010033",1401.46621861058
"43","017010034/01",100.931810721828
"44","017010034/02",302.760991801263
"45","017010035",1623.04406078634
"46","017010036",1385.44924128503
"47","017010037",1722.02651039861
"48","017010038",44.3631412143606
"49","017010039",67.6184913762812
"50","017010040",895.687399867021
"51","017010041",396.858416195623
"52","017010042",967.419808673492
"53","017010043",1699.47239243252
"54","017010044",1196.2186478705
"55","017010045",1812.84599404056
"56","017010046",815.179558869268
"57","017010047",411.873280604646
"58","017010048",18.7523451176832
"59","017011001",1474.37484918756
"60","017011002",441.244909885344
"61","017011003",1637.20192587248
"62","017011004",1786.90721477186
"63","017011005",1471.34934849474
"64","017011006",1250.92535416689
"65","017011007",1526.05498559682
"66","017011008",1041.42387573491
"67","017011009",283.715814971217
"68","017011010",1466.54167774649
"69","017011011",2520.198643878
"70","017011012",1116.72312773384
"71","017011013",2487.36510804667
"72","017011014",2973.19114231379
"73","017011015",2277.75733928687
"74","017011016",1386.22475905206
"75","017011017",939.507090991928
"76","017011018",2204.08297020945
"77","017011019",2640.74401421604
"78","017011020",2644.3555082209
"79","017011021",2760.85702930259
"80","017011022",2341.62619852812
"81","017011023",2417.91069936478
"82","017011024",2208.91346922965
"83","017013001",1.46918229875897
"84","017013002",45.1019614127362
"85","017017004",24.4051689208352
"86","017020001",1.57513364343079
"87","017022001",0.191589312427727
"88","017022002",0.45951402008922
"89","017022003",16.202565652865
"90","017022004",30.1405310230881
"91","017024001",0.483692060034208
"92","017024002",3.71724259441389
"93","017025001",34.4595365631298
"94","017025003",1.42412726622963
"95","017026001",0.577509920069699
"96","017031001",2.72600693055817
"97","017031002",4.28775629280581
"98","017031004",72.2318187565405
"99","017031005/01/017031003",11.0781183363721
"100","017031005/02",60.4483567304394
"101","017031006",29.5107272575277
"102","017032001",1.37527693786686
"103","017033001",26.592547518434
"104","017033002",5.67122045278988
"105","017034002",11.6895776338716
"106","017034003",151.574450929421
"107","017034006",202.862822998977
"108","017034007",230.076851307908
"109","017034008",125.392006319296
"110","017034009",266.236144914558
"111","017034010",225.131502581115
"112","017034011",52.2061976311694
"113","017037002",1.75348186766232
"114","017038001",0.824837563747507
"115","017038002",0.414276545998121
"116","017038003",0.0830005595023755
"117","017041001/01",0.0836090510567638
"118","017041001/02",5.09429198925688
"119","017041002",1.26245144193224
"120","017041003",36.7000454352014
"121","017042001",50.1221440598032
"122","017042002/017042003",0.671202802507617
"123","017042004",9.59075827020746
"124","017045002",1.92914561700339
"125","017049001",1.95647795098251
"126","017049002",42.2845175752809
"127","017049003",29.9882315087397
"128","017051001",2.93265550598508
"129","017051002",127.984290790967
"130","017051003",22.4707940767208
"131","017051004",50.8988007178225
"132","017051005",76.7305931211372
"133","017051006",35.5892238845739
"134","017051007",20.0440056489569
"135","017051008",4.69982867269771
"136","017051009",66.8174848301662
"137","017051010",39.2960965647342
"138","017051011",11.3310407109274
"139","017051012",1.30198798905713
"140","017051013",2.8317880772628
"141","017051014",144.710556137441
"142","017054001",663.175813497679
"143","017054002",1524.54408995577
"144","017054003",911.502283819194
"145","017054004/017054005",641.947383032991
"146","017054006",989.057557586374
"147","017054007",1009.92809212359
"148","037001001",4.66348401160903
"149","037001002",8.50196520647419
"150","037001003/037001004",0.72551658245776
"151","037003001/01",0.480184359619151
"152","037003001/02",30.607572459382
"153","037004001",4.1580134230847
"154","037006001",73.8127222173914
"155","037006002",4.25673779046017
"156","037006003/037006004",132.800266804923
"157","037007001",0.340326398773934
"158","037007002",4.06754429544704
"159","037007003",153.108282451135
"160","037009001",74.7399140750974
"161","037009002",5.56800245185938
"162","037009003",107.238006753819
"163","037009004/01",1.954064152591
"164","037009004/02",54.7578711396322
"165","037009005",10.1324036812146
"166","037009006",103.204792079528
"167","037009007",1274.71570787935
"168","037009008",26.8014798883248
"169","037009009/01",33.7461304138837
"170","037009009/02",97.8569815304512
"171","037009010",1287.04309862366
"172","037009011",1990.69527446297
"173","037009012",2002.20584200538
"174","037009013",2230.82118996451
"175","037009014",943.981525438163
"176","037009015",1339.49493191293
"177","037009016",84.6089196923049
"178","037009017",595.033901298945
"179","037009018",1031.03373050728
"180","037009019",1235.71504947302
"181","037010001",0.872965620745694
"182","037012001",6.56809184623823
"183","037013001",0.0123348950187914
"184","037013002/037013003",1.86976127336311
"185","037014001",0.860508533812732
"186","037017001",0.405728448137737
"187","037018001/37041001",0.268340408567458
"188","037021002",8.72835939647524
"189","037023001",1.76115253254942
"190","037026002",171.996369325046
"191","037026003",368.454359240867
"192","037026004",763.882980086912
"193","037026005",748.89701283074
"194","037026006",54.2676565640516
"195","037026007",187.728038485879
"196","037026008",0.0978650500922747
"197","037026009",101.185086706701
"198","037026010",1.01049808156864
"199","037026011",39.4505852071381
"200","037027001",35.3545895433357
"201","037027004",776.061490238352
"202","037027005",25.2244279070601
"203","037027006",265.378699506556
"204","037027007",592.45595694562
"205","037027008",49.8619765728546
"206","037027009",1597.16981226954
"207","037027010",1522.88037493742
"208","037027011",2375.37537104232
"209","037027012",164.73529316677
"210","037027013",887.35017212672
"211","037027014",210.903596322365
"212","037027015",1407.67455427591
"213","037027016",1936.19681186267
"214","037027017",188.185178328434
"215","037027018",1495.01580404024
"216","037027019",1412.82911802408
"217","037027020",2283.89147436414
"218","037027021",3096.07610652448
"219","037027022",2348.32362914435
"220","037027023",1767.54779979009
"221","037027024",546.275798817633
"222","037027025",2114.34580540828
"223","037027026",1421.01655758646
"224","037027027",938.009653590456
"225","037027028",2064.57016314287
"226","037027029",21.8660284207606
"227","037027030",21.8231711783225
"228","037027031",1058.28610874733
"229","037027032",905.563386824822
"230","037027033",33.8502992565815
"231","037027034",2058.86964267513
"232","037027035",1280.63069831037
"233","037027036",2030.12907966922
"234","037027037",2293.34918078737
"235","037027038",1962.55734341861
"236","037028001",1.66712583758965
"237","037030001",2.33921689510007
"238","037030002",0.0599963399948527
"239","037031001",2.62565698973358
"240","037031002",2.69938722744357
"241","037035001",5.24045408634052
"242","037037001",0.0116067042674143
"243","037038001",0.262386369339309
"244","037039001",2.07661291405634
"245","037042002",0.065032530917915
"246","037042003",20.4606084701115
"247","037042004/01/037042005",1.86846389440646
"248","037042004/02",41.5487945807901
"249","037042006",5.39686432922017
"250","037043001",29.8436547348622
"251","037043002",7.17571621769223
"252","037043003/01",13.4838403078151
"253","037043003/02",10.3759118884271
"254","037043004",326.993885840203
"255","037043005",44.2288598516189
"256","037044001",0.356765660680156
"257","037044002",0.0495429718634865
"258","037045001",5.72146770197753
"259","037045002",0.0291490264135738
"260","037045003",160.86052465119
"261","037045004",107.894377409955
"262","037047001",1.46430439179414
"263","037048001",0.213136729937375
"264","037049001/037049002",1.22803891653631
"265","037049003/037049004",43.3968638280012
"266","037050001",9.83322464725073
"267","037050002",6.34711017619451
"268","037050003",12.3760739849942
"269","037050004",84.5911245436432
"270","037050005",66.6950912957085
"271","037051002/037051001",3.14755799495127
"272","037051003",187.116020857782
"273","037052001",0.0822429672359987
"274","037052002",0.396093335998352
"275","037053001",3.07227966642676
"276","037053003/01",917.773221022157
"277","037053003/02/037053002",42.6907000754299
"278","037054001",0.150124194630008
"279","037054002",0.252578010148233
"280","037054003",20.1465651874645
"281","037055001",0.143510602681293
"282","037056001",4.77871394590731
"283","037057001/037057002",164.534010983657
"284","037057003",17.9300670688742
"285","037057004",975.749745702533
"286","037057005",418.547421886569
"287","037057006",331.028136623894
"288","037057007",40.68899809896
"289","037057008",143.083976167672
"290","037057009",1.56274126514644
"291","037057010",293.917726395651
"292","037057011",290.777944945921
"293","037057012",176.935783445416
"294","037057013",195.552267893708
"295","037057014",596.902214659822
"296","037057015",502.871803140402
"297","037057016",579.448183332803
"298","037057017",911.367024231099
"299","037057018",437.711885007049
"300","037057019",4.42185428830061
"301","037057020",6.19204765440978
"302","037057022",0.543431185705258
"303","037057023",11.9183408042548
"304","037057024",9.41208559712348
"305","037057025",0.412101099381393
"306","037057026",2.09785901677515
"307","037057027",0.962458514189027
"308","037057029",0.0751173035520326
"309","037057030",0.00121821849599208
"310","037057031",839.782642548307
"311","037057032",371.957258701386
"312","037057033",487.026930815886
"313","037057034",1.56103276329144
"314","037057036",257.861203996903
"315","037057037",30.1062364575796
"316","037057040",118.433174412893
"317","037057041",11.8705990222642
"318","037057042",5.59100628738318
"319","037057045",79.9465443488392
"320","037057046",76.7604554312204
"321","037057047",177.287980074932
"322","037057048",200.704307753467
"323","037057049",37.7817009700018
"324","037057050",146.281725909741
"325","037057051",31.6263182522021
"326","037057052",177.666836621301
"327","037057053",93.6283346995387
"328","037057054",28.3863805327429
"329","037057055",135.569047775108
"330","037057056",24.7578572700017
"331","037057057",106.767039553365
"332","037057058",13.070255436713
"333","037057060",6.71685847210653
"334","037057068/037057069/037057070",11.6777435909161
"335","037058001",39.6489939499835
"336","037058002",34.233028665429
"337","037058003",23.5443610577142
"338","037058004/037058005",367.327140123084
"339","037058006",527.592410450342
"340","037058007",33.936571399852
"341","037058008",25.1771177586379
"342","037058009",1.97728433897871
"343","037058010",9.62838223661488
"344","037058011",89.6270681772994
"345","037059002",3.13198947398851
"346","037059005/037059008",131.483960185073
"347","037059007/037059009",48.068841383442
"348","037059010/037059003",1.04621194976289
"349","037059011",71.5602949626232
"350","037059012",77.423768554771
"351","037059013/037059015",140.070105294341
"352","037059014",92.4442985675387
"353","037060001",0.163494498018315
"354","037061001",3.12730018281208
"355","037062001",0.187578912930768
"356","037065001/037065002",1.96357274123524
"357","037066001",3.2684921580375
"358","037068001/037069001",0.677387257803909
"359","037070001",0.806504201798687
"360","037070002/037070003",1.04685637691615
"361","037071001",0.77691183484928
"362","037072003",0.890750125495911
"363","037075001",0.918681755873793
"364","037075002",52.4708795108407
"365","037077004/037077006/037077001/037077002/037077003",2.96742087603072
"366","037077007",68.1786533387441
"367","037077008/037077014/037077005",72.0316451084781
"368","037077009",0.192821292583191
"369","037077013/037077010/037077011/037077012",9.18766613660791
"370","037078001",2.35843561237617
"371","037078002",16.3287811537732
"372","037078003",52.563362912072
"373","037078004",52.0736399097508
"374","037079002",30.4645454539643
"375","037079003",17.8480338078815
"376","037079004",1.27378843482596
"377","037080003",42.1514992049945
"378","037080004",16.8780212479707
"379","037080005",41.6936679156822
"380","037080010",108.829203273728
"381","037081001",0.0973349801774432
"382","037085001",107.963032004458
"383","037085002",1.038503786769
"384","037086001/037086002",34.0979646794535
"385","037086004",0.993477479773555
"386","037086005",19.6153192469461
"387","037087001",0.183884660151867
"388","037087002",2.75552369280726
"389","037088001",1.76042481210342
"390","037089001",0.496657095195247
"391","037089002",1.04469465170793
"392","037091001",3.45933634267641
"393","037091002",0.0123197715249417
"394","037092001",3.50744857265594
"395","037092002",0.987067615629091
"396","037093001",3.0176502789138
"397","037093002",58.0707144094255
"398","037093003",41.0627887885217
"399","037094001",2.04193045137441
"400","037095003",3.18304376496596
"401","037095004",58.8462346061068
"402","037095006",2.53385191171297
"403","037096001",8.83045179664959
"404","037098001",0.77654950040794
"405","037098002",3.96083076652014
"406","037098003",0.388597998826571
"407","037099001",6.38664042496875
"408","037099002",8.87370562649483
"409","037099003",0.137321457713505
"410","037099004",42.3479472407293
"411","037099005/037099010",126.698929011699
"412","037099006",0.304939090984164
"413","037099007",110.681320892993
"414","037099008",173.295910334771
"415","037099009",148.996604320854
"416","037099011",171.408022000208
"417","037099012",37.3254002619291
"418","037099014",6.62170904870126
"419","037100001",0.362713128036787
"420","037100002/01",28.8220493254886
"421","037100002/02",0.50332958505185
"422","037103001",2.09510294019191
"423","037103002",2.0640875071319
"424","037103003",3.23179052254485
"425","037103004",0.635720500259699
"426","037103005",70.2638885898052
"427","037103006",27.8762203229632
"428","037106001",1.31653337595366
"429","037111001/037111002",2.32423921792483
"430","037111003/037111004",78.2877468064137
"431","037112001",5.55118693162269
"432","037112002",1.78698385677098
"433","037113001",141.226032618708
"434","037113002",5.10375362392267
"435","037113003",2.90383640065918
"436","037114001",0.611977505651912
"437","037114002",1.70279173512645
"438","037115001",0.0463584839471704
"439","037116001",1.4043029351345
"440","037117001",0.362369556061534
"441","037118001",0.67132670040837
"442","037118002",26.0997146406753
"443","037118003/037118004",1.18953747914852
"444","037118005",0.0553078246584683
"445","037118006/037118008",13.1858161234611
"446","037118009",12.4003258006891
"447","037118010",20.9749197319089
"448","037118011/037118007",26.398375195567
"449","037120001",0.00116580356474388
"450","037120002",0.0526928138954003
"451","037120003",59.3883880153568
"452","037120004",2.21253841243885
"453","037120005",0.0048081221010979
"454","037121001/037121002",1.09191715672815
"455","037121003",54.3976440563398
"456","037123002/037123003",4.38048410769086
"457","037124001",0.672393488322554
"458","037124002",0.156082950089714
"459","037126001",0.110676755797468
"460","037128001",19.9012667532265
"461","037128002",385.681436819952
"462","037128003",370.141606919311
"463","037128005",432.132234694507
"464","037128007/037128006",10.6918055867287
"465","037130001/037130002",1.17514300919633
"466","037130003",55.2667072822401
"467","037131001",0.00167880420222502
"468","037131002",1.9382869091041
"469","037131003",1.98764115003576
"470","037133001",0.271721359895735
"471","037134001",150.415408170093
"472","037134002",66.1260429800821
"473","037134003",37.0902844263063
"474","037134004/01",1.73443409767249
"475","037134004/02",98.927378865716
"476","037134005",7.73298991408463
"477","037135001",0.328330243814241
"478","037135002/037135003",0.3251547335441
"479","037136001",0.129811492094525
"480","037140001/01",0.300457590423976
"481","037140001/02",0.987338631154249
"482","037140002",55.0365198826441
"483","037142001",117.551612213591
"484","037142002",55.2185559483662
"485","037142003",3.31270717921362
"486","037142004",58.7192068508802
"487","037142005",79.7668545342272
"488","037142006",1.91541665098888
"489","037143001",19.6734664708688
"490","037143002",7.18279658860576
"491","037143003",423.728805718844
"492","037143004",389.865287490125
"493","037143005",143.594195276452
"494","037143006/01",476.362369085073
"495","037143006/02",93.7150786552936
"496","037143007",381.485664286606
"497","037143008",231.832134048917
"498","037145001",0.814286143869218
"499","037145002",0.00644209069414956
"500","037146001",0.047914510331214
"501","037147001",0.819040581500661
"502","037147003",3.49270116508974
"503","037150001",3.78551478124924
"504","037150002",2.16393841739315
"505","037150003",97.7869614678071
"506","037150004",147.894219427239
"507","037150005",124.243669116483
"508","037152001",0.343907654100499
"509","037153001",13.5188941415261
"510","037153002",255.714494681779
"511","037153003",16.6044792360652
"512","037154001",4.43025999141894
"513","037154002",11.658918412592
"514","037154003",5.7982798887422
"515","037154004",124.24821339927
"516","037154005",376.923389664876
"517","037154006",705.045954664278
"518","037154007",631.34788520283
"519","037155001",808.412794560501
"520","037156001",471.554381977554
"521","037156002",328.6019358117
"522","037156003",304.69652777415
"523","037156004",170.005080434085
"524","037156005",900.953984384018
"525","037156006",1246.27691436183
"526","037156007",303.640998156705
"527","037156008",347.247422922985
"528","047001001",0.25302380776149
"529","047001002",1.75380168200153
"530","047001003",0.79863454809185
"531","047002001/047002006",0.341892874890369
"532","047002002",4.67974426804052
"533","047002005",2.64545991142588
"534","047003001",2.97358581862247
"535","047004003",7.64363234620686
"536","047004004",15.7866075898124
"537","047004005",11.5255846236481
"538","047005001",3.16741758200113
"539","047007003",27.5351500177141
"540","047007004",2.3552619692908
"541","047009001/01",0.616043041422111
"542","047009001/02",44.2317067855802
"543","047012002",0.0292304992701487
"544","047015001",0.254049519922351
"545","047015002",1.02552659373819
"546","047016001",14.9984042555689
"547","047016002",1937.72884824263
"548","047016003",3591.95345480747
"549","047016004",1666.39290178152
"550","047016005",1299.89774726653
"551","047016006",2613.83559458126
"552","047016007",2009.78634951939
"553","047016008",664.355883983987
"554","047016009",417.77011517353
"555","047016010",721.798292438147
"556","047016011",186.315229590384
"557","047016012",1100.97042584255
"558","047016013/01",181.868279215874
"559","047016013/02",1255.39006551823
"560","047016014",602.455100016454
"561","047016015",2012.72683182746
"562","047016016",1666.99577536134
"563","047016017",1822.04518172665
"564","047016018",2004.9999999999
"565","047016019",1232.3422677433
"566","047016020",266.602844226844
"567","047016021",2492.42655912564
"568","047016022",1388.86196266412
"569","047016023",1739.68683599312
"570","047016024",0.24016431457681
"571","047016025",624.167369777532
"572","047016026",1652.74684432295
"573","047016027",2311.81157575412
"574","047016028",0.999999999999886
"575","047016031/02",9.10725476417672
"576","047016032",725.828678662129
"577","047016033",2848.31258492012
"578","047016034",30.0571190124966
"579","047016035",1268.4822440145
"580","047016036",1301.21357191907
"581","047016037/01",325.75339800359
"582","047016037/02",485.406977554452
"583","047016038",2075.82559433001
"584","047016039",557.525014253485
"585","047016040",2005.00000000077
"586","047016041",1661.37160406412
"587","047016042",721.626422444445
"588","047016043",0.844703736609977
"589","047016044",352.911695546518
"590","047016047",25.6582217105251
"591","047016048",1005.63772361476
"592","047016049",2567.37346589739
"593","047016052",0.740924901590587
"594","047016053",1958.91426292968
"595","047016054",2476.32534760186
"596","047016055",2540.90456740647
"597","047016056",1290.8928820408
"598","047016057",492.925291740648
"599","047016058",249.076982580545
"600","047016059",0.999999999999476
"601","047016060",3155.07922360289
"602","047016061",2637.62649400691
"603","047016062",1988.83169295479
"604","047016063",1961.75884546694
"605","047016065",2034.46128869518
"606","047016066",489.440134841802
"607","047018001",0.943335101547782
"608","047018002",86.6759887886627
"609","047018003",7.11004558094452
"610","047023001",1.9434807301009
"611","047023002",2.16485170056016
"612","047023003",23.422807650122
"613","047023004",26.2297435105084
"614","047023005",19.4932558145273
"615","047023006",51.7579570442128
"616","047024004/047024007",1.73231920776211
"617","047024005/01",30.7533707005805
"618","047024005/02",15.4917901140563
"619","047024006",120.194110297561
"620","047027001",6.21821248774695
"621","047027002",24.2004062488422
"622","047027003",5.37702953785333
"623","047027004/01",251.867257500391
"624","047027004/02",239.681394045265
"625","047027005",90.9271190725138
"626","047028001",457.677706227762
"627","047028002",414.126325066161
"628","047028003",1759.44730956762
"629","047028004",1941.38559543037
"630","047028005",29.7517403040939
"631","047028006",0.0268423403252865
"632","047030001",0.962836684499132
"633","047030002",98.5563767531342
"634","047030003",1.5634363557089
"635","047030004",91.1596882731855
"636","047031001",0.355401118429712
"637","047031002",8.56901262736973
"638","047032001",529.999999999699
"639","047032002",19.1388838017174
"640","047032003",3.41882496560291
"641","047032004",396.426761964345
"642","047033001",2.0727895239216
"643","047033002",4.49775846753975
"644","047033003",2.26042820020233
"645","047033004/047033011",0.0236698603235051
"646","047033005",20.6918902575114
"647","047033006",178.501747570545
"648","047033007",25.1216019008185
"649","047033008",14.2181265257798
"650","047033009",11.0910786506554
"651","047033012",7.83936377630359
"652","047033016",0.448906097799043
"653","047033017",5.60632661277433
"654","047034001",78.8007244080293
"655","047034002",2.04891293042316
"656","047035001",1.04598159175764
"657","047035002",16.84979648396
"658","047035003",0.781325511844328
"659","047036001",0.0101164233143546
"660","047040001",208.847312923327
"661","047040002/047040003",16.110881535553
"662","047041005/02",49.6461315024161
"663","047041005/03/047041005/047041001/047041004/047041002/047041003/047319001",1.29924938035305
"664","047041005/04",5.9142354136524
"665","047041005/05",2.5426852663162
"666","047042002",221.999999999929
"667","047042003",211.974318825404
"668","047042006",22.7546373144779
"669","047042007/047042005",209.459049404667
"670","047042008",12.4871679583903
"671","047042009",23.0899222931445
"672","047042010",2.35828606613369
"673","047042011",15.1529335037139
"674","047042013/047042004",27.6492842224197
"675","047048001",1.44241244080828e-05
"676","047048002",0.0845058514374005
"677","047048003",1.02348628609314
"678","047049001",0.00650900771882881
"679","047052001/047052002/047016014",525.354500289443
"680","047053001",0.12271977947454
"681","047053002",10.565815988148
"682","047054003/01",46.9487952087729
"683","047054005",140.99207198006
"684","047054007",177.304575424376
"685","047054008",837.456497135223
"686","047054009",938.579958573415
"687","047054010",708.664188542435
"688","047054011",655.333358161604
"689","047054012",783.261386066423
"690","047054013",861.635397829047
"691","047054014",913.787463698281
"692","047054016/01",89.0248808698044
"693","047054017",290.116147339863
"694","047054018",833.059723279204
"695","047054019",896.854977816794
"696","047054020",82.5321178257496
"697","047054021",360.798205160553
"698","047056002",0.915199243057696
"699","047057001/047057003",2.0735593655916
"700","047057004/047057004",45.5522268857834
"701","047058001",0.764049463582276
"702","047058002",2.50147824803
"703","047059004",0.938058306427442
"704","047060001",11.8568543652227
"705","047060003/01",0.00599809884314095
"706","047060003/02/047060002/047060006",3.6830501305323
"707","047060004",0.162678844110201
"708","047060005",1.92541201868352
"709","047060007",166.936340235464
"710","047060008",49.9001350100547
"711","047060009",103.140037776318
"712","047060010",254.87109796629
"713","047061001",0.65924594467344
"714","047063001",17.6148916605894
"715","047064002",74.5632862040772
"716","047064003",169.207705581306
"717","047064004",568.201969205815
"718","047064005",1301.66395359601
"719","047064006",938.872290910368
"720","047064007",1354.24892638945
"721","047064008/047064001",216.517303732269
"722","047064009",1634.38591635718
"723","047064010",288.181599000212
"724","047064011",1.14882056118357
"725","047064012",1033.75540450062
"726","047064013",44.0934921005303
"727","047064014/047064016/01",327.679714266125
"728","047064014/047064016/02",511.9416632532
"729","047064014/047064016/03",761.524938804482
"730","047064015",644.23818117772
"731","047064017",1418.48802586732
"732","047064018",1018.25805661993
"733","047064019",179.447794231159
"734","047064021",1467.64109679642
"735","047064022",539.717881279767
"736","047064023",1413.10934730305
"737","047064024",187.823148837246
"738","047064025",1667.4494555728
"739","047064026",11.0295038441798
"740","047064027",135.717441517354
"741","047071001",40.9142256509314
"742","047071002",1202.59334746884
"743","047071003",2703.41439045241
"744","047071004/01",705.720156148565
"745","047071004/02",1611.31469414803
"746","047071005",3364.66424374748
"747","047071007",78.7544151719723
"748","047072001",64.8057614679335
"749","047072002",171.763061815362
"750","047072003",0.319346017285955
"751","047072004",297.495867785128
"752","047072005",76.4738735179783
"753","047072006",0.666088633382772
"754","047072007",317.559027998178
"755","047072008/01",2091.69358398561
"756","047072008/02",1878.41617995126
"757","047072008/03",1976.13867408657
"758","047072009",2889.80250389136
"759","047072010",2670.18686133078
"760","047072011",522.139700232533
"761","047072012",2364.09990647198
"762","047072013",701.163868912194
"763","047072014",3117.25787541597
"764","047072015",3060.63718971562
"765","047072016",23.1001671420487
"766","047072017",2167.99313804714
"767","047072018",540.295773221713
"768","047072020",4.16949202862346
"769","047072021",67.068813009409
"770","047072022",238.823116832798
"771","047072023",202.721528686708
"772","047072024",1538.89156945941
"773","047072025",3629.82062543295
"774","047072026",4256.79932999718
"775","047072027",1081.22213961617
"776","047072028",2109.55990834232
"777","047072029",2696.82123622172
"778","047072030",146.927059328602
"779","047072031",678.183991869289
"780","047072032",270.388667846539
"781","047072033",51.492060576749
"782","047072034",696.259772918172
"783","047072035",206.131423985613
"784","047072036",4019.6178626519
"785","047072037",3915.24887272224
"786","047072038",562.771824639028
"787","047072039",22.8850150196536
"788","047072040",1099.5316624839
"789","047072041/047072042",743.073378494535
"790","047075003",0.838986340733098
"791","047075004",25.3811999297968
"792","047076001",1.15943881548859
"793","047076002",0.224459285825768
"794","047076003",2.66752158865871
"795","047076004",2.15301144466461
"796","047076005",8.33731466293683
"797","047076006",58.8718188557789
"798","047077001/01",1650.87264162862
"799","047077001/02",412.886160144973
"800","047077001/03",1638.09082363207
"801","047077002",15.6291615745609
"802","047077003",9.84718681504758
"803","047077004",9.89032645784027
"804","047077005",145.706156034804
"805","047077006",161.503941622589
"806","047077007",1049.10646520303
"807","047077008",892.249723820081
"808","047077009",269.512910155739
"809","047077010",71.5838344365041
"810","047077012",138.615238817055
"811","047077013",4.48457565281622
"812","047077014",381.573036031136
"813","047077015",433.178038462444
"814","047077016",312.906227517612
"815","047077017/01",751.999999999893
"816","047077017/02",1234.84393554601
"817","047077018",570.369765429201
"818","047077019",752.000000000249
"819","047077020",797.783074724183
"820","047077021",452.54107533817
"821","047077022",131.695331747773
"822","047077023",1259.85251427829
"823","047077024",697.140578965055
"824","047082001",0.902472740653595
"825","047082002/047082003",4.46215327310196
"826","047082004/047082005",49.913341022849
"827","047082006",1.69329359049606
"828","047084001",72.2064113288531
"829","047084002",55.017935640246
"830","047084004",4.22518438202626
"831","047085001",0.127046094983876
"832","047086001",0.140880284604967
"833","047086002",6.62638623492696
"834","047086003",3.46337593214347
"835","047086004",189.287938882316
"836","047087001",60.6300776586073
"837","047087002",100.247632371054
"838","047087003",0.943924521043415
"839","047087004",2.62055290891657
"840","047088002",0.331115123606254
"841","047090002",102.807195941685
"842","047090005",27.0883565469785
"843","047090006",18.7646906518143
"844","047090009",27.9316396254284
"845","047090010",275.740198693898
"846","047090011",306.000000000052
"847","047090013/02/047090014",41.5627461485587
"848","047090017",53.518173562285
"849","047090018",67.5892058310091
"850","047091001",0.112147352159696
"851","047091002",0.500918368791068
"852","047091003",42.7329005135687
"853","047091004",44.5828995698618
"854","047095004",21.5433043478174
"855","047095005",11.508150287956
"856","047095007/047095008",0.102920825886025
"857","047096002",13.0344605458554
"858","047096003",0.992954579106738
"859","047096005",100.799233715404
"860","047096006",240.999999999966
"861","047096007",33.9851274848874
"862","047096008",69.6716055202672
"863","047096009",19.7051920034889
"864","047096010",239.762959249951
"865","047096011",88.756996568459
"866","047096012",13.3666392626119
"867","047096013",82.0000000000316
"868","047096014",207.5670330245
"869","047096015",239.168163906061
"870","047096016",24.6297049688251
"871","047096017",159.186151873528
"872","047096019",18.3671858620644
"873","047097003",50.4044146126546
"874","047097004",1.6701104846119
"875","047100001",0.118470796952515
"876","047103001",5.7292481592965
"877","047104001",6.75368601402991
"878","047105001/047105003",1.31030882689597
"879","047105004",0.218987788448058
"880","047105005",29.8187569036454
"881","047105006",28.6995029221041
"882","047105007",46.000000000001
"883","047105008",19.3499886383502
"884","047105009",6.37572512737451
"885","047105010",191.589917618114
"886","047105011",233.586539572504
"887","047105012",79.5300181324273
"888","047105013",197.352024443087
"889","047105014",442.523672265809
"890","047105015",39.259251830494
"891","047106003",965.012717014265
"892","047106005",1428.20218730833
"893","047106006/01",1316.52265724538
"894","047106006/02",1159.16346232235
"895","047106007",1373.19765622743
"896","047106008",688.91846352308
"897","047106009",877.285092812891
"898","047106010",1100.29411069884
"899","047106011",348.15918258957
"900","047106012",788.567314976724
"901","047106013",176.401781366372
"902","047106014",151.718649534893
"903","047106015",613.943446849746
"904","047106016",345.032944093397
"905","047106017",413.564118204092
"906","047106018",610.502785861534
"907","047106019",884.664625890792
"908","047106020",583.32337147789
"909","047106021",827.999999999766
"910","047106022",947.015547503774
"911","047106023",1080.18189837227
"912","047106024",932.580248114884
"913","047106025",134.258602131969
"914","047106026/047106029",24.6032018367482
"915","047106028/01",91.8259728522287
"916","047106028/02/047106004",241.244343426105
"917","047107001",1052.01114641771
"918","047107002",858.233987514907
"919","047107003",877.181427711457
"920","047107004",549.418815449082
"921","047107005",109.39475394703
"922","047107006",332.021188519837
"923","047107007",64.5501813337761
"924","047107008",277.002296406622
"925","047107009",0.0132218769496455
"926","047107010/047107028",468.170387398037
"927","047107011",859.895504685987
"928","047107012",816.410137584579
"929","047107013",1672.80274299657
"930","047107014",1081.10204499548
"931","047107015",749.786946601206
"932","047107016",1092.21203066952
"933","047107017",831.480195725456
"934","047107018",783.299956551406
"935","047107019",901.284086114951
"936","047107020",828.000000000191
"937","047107021/01",827.999999999986
"938","047107021/02",827.999999999943
"939","047107022",351.772022972075
"940","047107023",873.565026865516
"941","047107024",1045.21167768068
"942","047107025",1148.79390043489
"943","047107026",263.753569661135
"944","047107027",40.2146709649908
"945","047107029",526.520084116597
"946","047108001",0.171924052405935
"947","047110002",3.24635277212499
"948","047110003",2.80372924590017
"949","047112002",2.10485038479883
"950","047113001",0.167898761535606
"951","047114002",7.97397462744452
"952","047114004",8.61350110078222
"953","047114005/047114003",18.4795618506136
"954","047115002",0.704741331441317
"955","047115003",1.99193856157321
"956","047115004/01",23.793327136899
"957","047115004/02",39.4450515573271
"958","047115005",3.22586233891612
"959","047115006",6.60468243048745
"960","047115007",58.3474176645405
"961","047115008",11.4687764893177
"962","047115009",20.0258120349679
"963","047115010",30.7923310734954
"964","047116003/047116004",0.355508957534622
"965","047116005",3.26112418246786
"966","047117002",3.52868808384739
"967","047117003",0.870142360293487
"968","047117004/047117005",8.12424062178158
"969","047119001/047119005",1.41125307196497
"970","047119002/047119003/047119004",0.801861890824652
"971","047120001",6.54458747353294
"972","047120002",219.748626288158
"973","047122001",2.07291145517274
"974","047123002",0.598599150762042
"975","047123003",9.86831324609494
"976","047126002/047126003/047126004/047126005",0.51572640602435
"977","047128002",2.40929948572586
"978","047129001",1.43227163672305
"979","047129003",18.5151147192533
"980","047129004",41.7561385107496
"981","047129005",67.9828581210286
"982","047132001",1486.70952103126
"983","047132002",2622.07616481578
"984","047132003",2172.74703575939
"985","047132004",2938.89231077308
"986","047132005",680.602461143451
"987","047132006",2329.04202175063
"988","047132007",33.6547111146249
"989","047132008",843.264760286131
"990","047132009",390.323198490927
"991","047132010",63.9739807833396
"992","047132011",1488.77775814646
"993","047132012",943.557524769686
"994","047132013",1963.07860250744
"995","047132014",1254.85509382793
"996","047132015",812.435481257793
"997","047132016",1693.53995571646
"998","047132017",1831.22733768191
"999","047132018/01",2.42468838461953
"1000","047132018/02",740.274382858383
"1001","047132018/03",408.380295862052
"1002","047132019",1415.60045087434
"1003","047132020",976.495054879226
"1004","047132021",835.86823205854
"1005","047132022",3338.69232037443
"1006","047132023",2682.33877306599
"1007","047132024",1716.49338659507
"1008","047132025",473.346389744547
"1009","047132026",743.329948058507
"1010","047132027",845.373709545507
"1011","047132028",1140.75543004889
"1012","047132029",601.827349052333
"1013","047132030",370.973806675661
"1014","047132031",96.2309832382468
"1015","047132032",237.268568843545
"1016","047132033/01",11.4286864423749
"1017","047132034",198.914066986538
"1018","047132035",309.129734463866
"1019","047132036",3499.70712947604
"1020","047132037",3055.53470818238
"1021","047132038",3633.48245737895
"1022","047132039",1795.36836357683
"1023","047132040",1088.66321482679
"1024","047132041",2928.37943253936
"1025","047132042",2518.90286858114
"1026","047132043",1163.81827414802
"1027","047132044",1149.94079480304
"1028","047132045",253.059679133027
"1029","047132046",639.068873822549
"1030","047132047",364.957561985735
"1031","047132048",415.812946198187
"1032","047132049",486.753511390483
"1033","047132050",462.910243933766
"1034","047132051",1623.57602369349
"1035","047132052",2033.01787629756
"1036","047132053",955.785283442186
"1037","047132054",1156.62895980756
"1038","047132055",271.393806935712
"1039","047132057",1491.18893381534
"1040","047132058",287.194427986323
"1041","047132059",450.424195475909
"1042","047132060",1523.04852393214
"1043","047132061",391.857550679031
"1044","047132062",338.752263364275
"1045","047132063",192.356130627438
"1046","047132065",136.295626108536
"1047","047132066",1069.41523708145
"1048","047132067",865.075122790015
"1049","047132068",2707.2662272901
"1050","047132069",1658.2107345288
"1051","047132070",2026.21359173513
"1052","047132071",4519.1782235998
"1053","047132072",2379.30042447585
"1054","047132073",704.353740360663
"1055","047132074",1176.99295002647
"1056","047132075",1719.10264341041
"1057","047132076",1974.17054164875
"1058","047132077",3865.95210684025
"1059","047132078",1500.64665373909
"1060","047132079",1018.85793280978
"1061","047132080",1550.86155671261
"1062","047132081",1545.07644639485
"1063","047132082",1794.82211348704
"1064","047132083",1936.37757915504
"1065","047132084",0.441894161339832
"1066","047135001",0.274023224279462
"1067","047135002",0.509488894674315
"1068","047135003",0.00629277328939565
"1069","047135004",7.92628934512298
"1070","047136001",22.3933828012138
"1071","047136002",7.3873979632282
"1072","047136004",53.9339700024967
"1073","047136008/047136003/047136005",8.86263951191424
"1074","047137001",0.745193693039895
"1075","047137002",56.2736628007296
"1076","047139001",0.964489465510654
"1077","047139002",34.459265351827
"1078","047140001",0.65138474452172
"1079","047140002",1.18362243140172
"1080","047140003/01",28.7709322428763
"1081","047140003/02",18.946468596024
"1082","047140004",0.422719535823926
"1083","047140005",45.0155988807354
"1084","047140006",0.206437550979535
"1085","047140007",40.6385459550825
"1086","047140008",66.9175010486967
"1087","047140009",2.89636274659986
"1088","047140010",14.4496526554448
"1089","047142001",0.739075118735291
"1090","047142003",5.93706065725067
"1091","047142004",106.451942274002
"1092","047142005",1.19441518917277
"1093","047144001/047144002",0.182222879739134
"1094","047145002",5.08049585950702
"1095","047145003",164.18605824641
"1096","047145004",78.8989178784827
"1097","047145005",185.233317750786
"1098","047146002",0.783549699907722
"1099","047146003",64.9906028515315
"1100","047146004",59.7054856518029
"1101","047146005",26.0017627786234
"1102","047146006",30.770413951084
"1103","047147001",0.111404868550031
"1104","047147002",1.30585478587586
"1105","047148001",0.51255131446945
"1106","047148004",21.1192095803003
"1107","047148005",69.9999999999886
"1108","047149001",0.389727140061127
"1109","047149002",0.0129057845742551
"1110","047151001",218.751878711472
"1111","047151002",212.487094849396
"1112","047151003/01",52.6129089926873
"1113","047151003/02",3.77149351852632
"1114","047151008",15.5745112182436
"1115","047151009",421.371375014663
"1116","047151010",475.167376582888
"1117","047151011",55.7162376729334
"1118","047151012",197.949496320466
"1119","047151014",1.00475278509755
"1120","047151015",4.57009025542995
"1121","047152001",251.120807743714
"1122","047152002",514.030118639984
"1123","047152003",839.798632447162
"1124","047152004",740.857258244639
"1125","047152005",163.851175788618
"1126","047152006",215.538166671566
"1127","047152007",168.204841222524
"1128","047152008",81.0243017777187
"1129","047152009",540.704107165205
"1130","047152010/047152013",230.63118840926
"1131","047152011",262.853046538812
"1132","047152012",738.8331794231
"1133","047153002",0.192768164213527
"1134","047155001",0.0750167246705136
"1135","047156001",0.672945989428714
"1136","047157001/047157002",1.03822669656188
"1137","047158002",0.515903321387673
"1138","047159002",1.51027281336161
"1139","047159003",54.5098344673016
"1140","047159004",5.78309773181032
"1141","047159005",7.56448844417817
"1142","047160001",19.4406866147072
"1143","047160002",21.5468635415329
"1144","047160003",0.261289241474939
"1145","047162001",0.748252067720579
"1146","047162002",9.60654688481602
"1147","047163002",3.94309110185097
"1148","047163003",7.21914459705813
"1149","047165001",0.988949396367269
"1150","047165002",7.23598012623685
"1151","047167001",1.60584818181131
"1152","047168001",6.56245683682012
"1153","047169001",0.191688807373368
"1154","047169002",0.459245441136643
"1155","047169003",1.53358655692673
"1156","047170002",0.339416236569076
"1157","047170003",5.91839563157626
"1158","047170004",60.2483949471989
"1159","047170005",34.2629624928621
"1160","047173001/01",0.746095877411382
"1161","047173001/02",3.87479034532665
"1162","047173002/01",3.50126758364583
"1163","047173002/02",5.0000000000002
"1164","047173003",0.115861522488508
"1165","047173004",0.265425413089913
"1166","047173005",158.525378968003
"1167","047173006",202.144132000845
"1168","047173007",241.294635261465
"1169","047173008",27.0441956477742
"1170","047173009",111.091983485874
"1171","047176002",0.0769572456993786
"1172","047176003",3.41263356980236
"1173","047177001",6.4460821116726
"1174","047177003",9.12713820217437
"1175","047177004",1.68914489442786
"1176","047177005",218.686434246306
"1177","047177006",64.601569274825
"1178","047177007",110.553097226773
"1179","047177008",171.791195636923
"1180","047178001",38.5091653137803
"1181","047178002",2121.21818121716
"1182","047178003",2447.81841125031
"1183","047178004",1975.50023080656
"1184","047178005",972.592823917088
"1185","047178006",3.28149835973393
"1186","047178007",5.29917844479615
"1187","047178008",33.8769020479252
"1188","047178009",1349.08548898489
"1189","047178010",4.84556273948308
"1190","047178011",779.193944145582
"1191","047178012",136.454057263057
"1192","047178013",2927.50147387448
"1193","047178014",3157.94357781965
"1194","047178015",927.244989240361
"1195","047178016",1387.10522239341
"1196","047178017",200.717726876929
"1197","047178018",58.8538998178942
"1198","047178019",1.14962486634005
"1199","047178020",1898.88529718665
"1200","047178021",2910.41121371203
"1201","047179001",0.079572084085939
"1202","047179004",70.8739712666341
"1203","047179006",52.6525595056239
"1204","047179007",52.9327282230395
"1205","047179008",40.0496637238614
"1206","047180001",1.72334187926959
"1207","047183001",1.08408726558379
"1208","047183002",0.0164889271938404
"1209","047183003",22.6223050362625
"1210","047183004",36.5993294193751
"1211","047185001",3.39867202112042
"1212","047185002",48.2716326585301
"1213","047186002",5.83819009578532
"1214","047186003",0.567877002740039
"1215","047186004",20.9365991552856
"1216","047186005",0.293219575100951
"1217","047187004/047187008",94.5459904075552
"1218","047187006/047187001",0.547711665218056
"1219","047187007",13.0737880836555
"1220","047188003",0.0708628584081414
"1221","047188004",3.31909930910036
"1222","047188005",0.0223454696174541
"1223","047188006",6.85049711667202
"1224","047188007",6.72075588886843
"1225","047189001",2.76977774263875
"1226","047189002/047189003/047189004",3.89719265274687
"1227","047190001",0.00416400563377541
"1228","047193001",0.0455974129719986
"1229","047193002",0.115189898196448
"1230","047193003",1.6230199733844
"1231","047196001",5.92848374557362
"1232","047196002/01",127.90748660681
"1233","047196002/02",100.397222144578
"1234","047197002/047197004",6.3945796456501
"1235","047199001",5.36367694352385
"1236","047200003",18.5155112713282
"1237","047200004",1.29748777309609
"1238","047200005/047200011",0.333615407792151
"1239","047200008/047200007",20.9515085745203
"1240","047200009/047200010",99.5369503664218
"1241","047202001",145.918966557831
"1242","047202002",3.24582288254437
"1243","047202003",275.532438301084
"1244","047202004",1.29983944707366
"1245","047202005",268.234777888598
"1246","047203001",0.00766417963959366
"1247","047203002",0.0384942865657216
"1248","047207001",0.200296948989528
"1249","047208001",4.6564653691375
"1250","047210001",8.11882144349635
"1251","047210002",528.85735190576
"1252","047210003",466.411268081995
"1253","047210004",507.568989248748
"1254","047211001",1.30324978945788
"1255","047212001",8.07211360623774
"1256","047212002",2.18435549881236
"1257","047213001/047213003/047213004",0.188080666306549
"1258","047213002",3.58680795245365
"1259","047216001",0.798415421114114
"1260","047218001",3.93960842921875
"1261","047218002",0.114175264453704
"1262","047218003",35.3274638369699
"1263","047218006",4.3094217437693
"1264","047218007",0.258024672828453
"1265","047220002",0.226247061027297
"1266","047221003",0.0616250652695412
"1267","047221007",0.250696533924701
"1268","047221008",18.4931337940345
"1269","047221009",101.908294609994
"1270","047221010",25.2484341561638
"1271","047221011",78.2375640282798
"1272","047221012",4.47246879384005
"1273","047221013/01",106.846404023155
"1274","047221013/02",7.0657305305094
"1275","047221014",55.707794951856
"1276","047221015",168.386770304942
"1277","047221016",165.180566763255
"1278","047221017",101.760128500271
"1279","047221018",59.966362282542
"1280","047221019",131.503909194678
"1281","047221020",3.99467114639082
"1282","047222001",55.420432897597
"1283","047222002/047222011",353.47663623469
"1284","047222003",379.34680971841
"1285","047222004",197.88175853505
"1286","047222005",462.636786502134
"1287","047222006/01",115.400803523449
"1288","047222006/02",93.2021057865447
"1289","047222007",139.205985535326
"1290","047222008",442.396431224478
"1291","047222009",441.927781298222
"1292","047222010",172.085434668757
"1293","047222012",491.676744768359
"1294","047224001/047224002",1.13577971317771
"1295","047224003",49.3868257043315
"1296","047224004",69.9999999999536
"1297","047227001",0.939093078656029
"1298","047227002",1.04129962565037
"1299","047227003",45.8525914695687
"1300","047227004",0.0807986096369721
"1301","047227005",98.0000000000316
"1302","047229001",389.301613665793
"1303","047229002",355.660222368275
"1304","047229003",60.3430141660506
"1305","047229004",3.08950418629752
"1306","047229005",1.11583490774986
"1307","047232002/047232001",1.72857924305104
"1308","047232003",73.9365552256731
"1309","047233001/047009001",40.424517411171
"1310","047233002",0.508967923886493
"1311","047234001",48.017634162976
"1312","047234002",2.5609226363669
"1313","047235001",1925.88597798227
"1314","047235002",1679.25955820127
"1315","047235003",2023.04322945652
"1316","047235004",1978.63782180272
"1317","047235005",1140.57648796326
"1318","047235006",1566.03994550883
"1319","047235007",2052.39547302684
"1320","047235008",1604.18584517299
"1321","047235010",1752.50678893462
"1322","047235011",363.048870326069
"1323","047235012",2213.36290941104
"1324","047235013",1764.91708741834
"1325","047235014",366.146074749194
"1326","047235015",1756.92519934307
"1327","047235016",73.2099770775971
"1328","047235017/01",862.397138432612
"1329","047235017/02",949.325555811062
"1330","047235017/03",664.448690270783
"1331","047235017/04",263.685150657031
"1332","047235018",209.87530755549
"1333","047235019",451.331169428182
"1334","047235020",64.3903649729752
"1335","047235021",33.238177909136
"1336","047235022/047027005",91.1475646091718
"1337","047235023",894.846402048357
"1338","047235024/01",213.117701099297
"1339","047235024/02",994.392356850809
"1340","047235025",137.934363593553
"1341","047235026",107.733404052378
"1342","047235027/047235026",245.57173969386
"1343","047235028",121.670564277607
"1344","047235029",1853.52682492851
"1345","047235030",1988.5078199853
"1346","047235031",1557.59750192171
"1347","047235032",725.724088739859
"1348","047235033",1342.25221190241
"1349","047235034",20.4199215511065
"1350","047236001/01",2.05862282593058
"1351","047236001/02",38.782825177311
"1352","047238001",36.9223650551725
"1353","047238002",0.932950914596756
"1354","047239001/047239014",12.8101725037275
"1355","047239002",25.5257897202627
"1356","047239003",1957.50684693156
"1357","047239004",3833.62944637019
"1358","047239005",3995.20462502826
"1359","047239006",3020.87395993247
"1360","047239007",4391.44380792547
"1361","047239008",4036.38878427715
"1362","047239009",2314.07453649744
"1363","047239010",2490.03892955082
"1364","047239011/01",810.925295514304
"1365","047239011/02",1259.68327489879
"1366","047239013",1667.32080306772
"1367","047239015/01",336.158838049973
"1368","047239015/02",300.081797931549
"1369","047241001",4.96879330665276
"1370","047241002/047241003/047241004",0.734186992988123
"1371","047243001",128.475038167277
"1372","047243002/047243004",162.284026733574
"1373","047243003",6.23968829188622
"1374","047243005",142.445419417538
"1375","047243006",87.7788397601454
"1376","047243007/01",71.2176994390339
"1377","047243007/02",23.8143405928856
"1378","047243007/03/047243011",3.96878300600223
"1379","047243008",27.0938259059965
"1380","047243009",61.5394352500037
"1381","047243012",6.81132047860242
"1382","047243014",13.2385388625109
"1383","047243015",66.6874950544664
"1384","047244003/01",26.7701890593375
"1385","047244003/02/047244002",2.04707065381907
"1386","047244005/01",30.9912684523958
"1387","047244005/02/047244001",0.391842443666531
"1388","047245001",19.4194804480351
"1389","047245002/01",318.228699664005
"1390","047245002/02",5.52515998044383
"1391","047245004/01",0.00839773235336529
"1392","047245004/02",0.428447888407564
"1393","047245009",7.15872940262328
"1394","047245010/01",13.148462058593
"1395","047245010/02",12.1265904167743
"1396","047245011",25.5711676583767
"1397","047246001",53.4883872509359
"1398","047246002",0.498564707135381
"1399","047246003",52.0211660753424
"1400","047246004",766.653788291835
"1401","047246005",74.3063978337883
"1402","047246006",47.0000000000459
"1403","047246007",47.0000000000303
"1404","047246008",46.4002442790069
"1405","047246009",46.9999999999503
"1406","047246010",281.387822490234
"1407","047246011",111.13340110678
"1408","047246012",1116.54185908555
"1409","047250001",3.37648500820558
"1410","047250002",0.428993461620661
"1411","047250003",2.05756825510613
"1412","047250004",0.201980811257619
"1413","047250005/02",33.6875794495677
"1414","047250006",748.852338137627
"1415","047250007",347.868892424772
"1416","047250008",849.556993991811
"1417","047250009",517.287001492365
"1418","047250010",567.567070317356
"1419","047253001",6.40978320221864
"1420","047253002/01",309.370567476245
"1421","047253002/02",354.57603866727
"1422","047253003",0.0100114341928972
"1423","047253004",20.7079316036456
"1424","047253005",134.115608574783
"1425","047253006",0.492042610488273
"1426","047253007",221.912232949499
"1427","047253008",163.689937909115
"1428","047253009",415.586878461023
"1429","047253010",234.399230146848
"1430","047253011",441.73175932976
"1431","047253012",222.808886757421
"1432","047253013",0.775523652174429
"1433","047253014",14.61697553649
"1434","047253015",250.391437691101
"1435","047253016",44.8005629862782
"1436","047253017",381.892416057451
"1437","047253018",353.894165192233
"1438","047253019",381.999999999491
"1439","047253020",381.999999999794
"1440","047253021",382.000000000192
"1441","047253022",382.000000000119
"1442","047253023",382.000000000961
"1443","047253024",322.842733960953
"1444","047253025",312.554848423443
"1445","047253026",2.38308504075988
"1446","047254001",687.137909972597
"1447","047254002",253.098497545416
"1448","047254003",370.684642371024
"1449","047254004",487.892963318246
"1450","047254005",644.747051439644
"1451","047254006",218.372466914101
"1452","047254007",450.163055110772
"1453","047254008",479.730092023103
"1454","047254009",1210.21917880892
"1455","047254010",774.417273263731
"1456","047254011",580.534083970049
"1457","047254012",411.774853090448
"1458","047254013",709.020555868214
"1459","047254014",628.043961359679
"1460","047254015",537.228752288278
"1461","047254016",1095.61877770986
"1462","047254017",966.623313226845
"1463","047256001",1.28955844382487
"1464","047256002",64.2920678761973
"1465","047256003",1.34398323928757
"1466","047258003",62.333576048634
"1467","047258004",287.000000000003
"1468","047258005",298.06778703958
"1469","047258006",66.0959032198256
"1470","047258007",12.2136273908207
"1471","047258008",62.1806513410213
"1472","047258010",95.499189131842
"1473","047258011",35.6437634821572
"1474","047258012",3.42069325111578
"1475","047258013",41.9999999999725
"1476","047258018",125.746389417789
"1477","047258020",0.387677311184342
"1478","047258021/047258014",0.13546551705352
"1479","047259001",0.317016593980321
"1480","047259002",7.88238257068578
"1481","047259003",15.788322961487
"1482","047260001",0.470312171300318
"1483","047260002",3.41725182095602
"1484","047260003/047260004",88.8245683108117
"1485","047261001",11.7844081195096
"1486","047261002/01",42.7210316056526
"1487","047261002/02",240.771920724822
"1488","047261003",7.3016111033549
"1489","047261004",4.97773381121104
"1490","047262001",0.0670594308101774
"1491","047262002",0.0200204475984243
"1492","047262003",0.200314532123159
"1493","047263001",41.3482085220282
"1494","047263003",2.04893710123009
"1495","047263004",1.09981429510208
"1496","047263005",23.7281502456242
"1497","047263006",3.41765325130131
"1498","047265001",18.3856855166557
"1499","047265002",0.315531479493672
"1500","047265003",0.902327690080423
"1501","047265004",9.43054291245693
"1502","047267001/047267003",0.135256405637338
"1503","047267002",0.573317716604998
"1504","047267005/01",5.85340583336525
"1505","047267005/02",18.6340604982381
"1506","047267006/047267004",0.797584739310178
"1507","047267008/047267007",46.3783677837111
"1508","047268001",105.507455034749
"1509","047268002",44.7614908625841
"1510","047268003/01",4.38979794510208
"1511","047268003/02",0.0753348422449654
"1512","047270001",2.30880797859377
"1513","047270002",21.6611347613321
"1514","047270003",14.1541189477843
"1515","047270004",136.918429113996
"1516","047270006",1778.69570255121
"1517","047270007/01",1667.81961059088
"1518","047270007/02",1282.56507734219
"1519","047270008",1388.79639546404
"1520","047270009",899.35128846197
"1521","047271001",783.345567645795
"1522","047271002",1858.24552389543
"1523","047271003",565.160020365609
"1524","047271005",2106.74969934657
"1525","047271006",914.357139327741
"1526","047271007",17.6366282496005
"1527","047271008",2510.4703508395
"1528","047271009",244.233535911331
"1529","047271010",2396.4187116811
"1530","047271011",1115.50715263291
"1531","047271012",1390.85543968555
"1532","047271013",45.3410692169093
"1533","047271014",1159.18201693311
"1534","047271015",234.493161609299
"1535","047271016",400.146196226716
"1536","047271017",1488.77363488022
"1537","047271018",232.847433712463
"1538","047271019",82.6097548385134
"1539","047271020",1881.35246927378
"1540","047271021",1673.8227513694
"1541","047274001",0.0228626159163618
"1542","047275002",1.71172241837316
"1543","047277001",2100.09238456184
"1544","047277002",592.626353087742
"1545","047277005",25.8834620322381
"1546","047277006",54.1540961442235
"1547","047277007",983.679507278388
"1548","047277008",815.111830517091
"1549","047277010/01",4.08238078422476
"1550","047277010/02",0.774093931921545
"1551","047277011",1.13842660997145
"1552","047277013",0.0118245228825881
"1553","047277014",4.64256881712456
"1554","047277015",622.486137395762
"1555","047277016",137.756835922748
"1556","047277017",237.140112547953
"1557","047277018",382.796180297815
"1558","047277019",199.109959464291
"1559","047277020",2.06244183898707
"1560","047277021",1310.06141853765
"1561","047277022",133.503438471728
"1562","047277023",2335.88983624437
"1563","047277024",139.00644033487
"1564","047277025",274.491494587933
"1565","047277026",1192.78566373183
"1566","047277027",174.176650793505
"1567","047277028",1178.9914755951
"1568","047278001",224.870867649775
"1569","047278002",1.83076763470079
"1570","047278003",464.963418065359
"1571","047278004",435.446309007145
"1572","047278005",141.032209357201
"1573","047278006",352.61896531758
"1574","047278007",239.545908686447
"1575","047278008",205.695110227398
"1576","047278009",15.6751407764459
"1577","047279002",10.2675817477755
"1578","047279003",236.564471156195
"1579","047279004",1480.22424166262
"1580","047279005",593.347630835548
"1581","047279006",461.62074931296
"1582","047279007",2495.0609036631
"1583","047279008",1483.99850125056
"1584","047279009",247.827627638609
"1585","047279010",2351.8933224871
"1586","047279011",1015.81489901148
"1587","047279012",1360.13336333204
"1588","047279013",1123.74378596016
"1589","047279015",263.237729569103
"1590","047279016",176.463595117761
"1591","047282001",2.83076924457516
"1592","047282002/01",8.89292185782399
"1593","047282002/02",37.2312367809441
"1594","047282003",143.556739550486
"1595","047282004/047126005",97.9341932600155
"1596","047282005/047282006",0.0171493315921632
"1597","047284001",50.6959676054094
"1598","047284002",33.4973721053471
"1599","047284003",3.59173319809233
"1600","047286002",2.75319762316314
"1601","047287001",0.841460556170607
"1602","047287002/047287003",0.631388134634718
"1603","047288002",63.7310529618071
"1604","047288003",2.52117500364304
"1605","047289001",0.963903762512028
"1606","047290002",8.0735510855932
"1607","047293003",2.68904421210928
"1608","047293004",1.34735334695314
"1609","047293005",3.19894850086793
"1610","047293006",1.99896446953219
"1611","047294001",51.1529762897542
"1612","047294003",65.4493596721855
"1613","047294004",331.655239640899
"1614","047294005",75.8554321367459
"1615","047294006",38.7628015249843
"1616","047294007",213.814586458484
"1617","047294008/02",71.353798839009
"1618","047294009",12.6095120928745
"1619","047294010",204.497338644202
"1620","047294011",313.401153194396
"1621","047294012",84.4319033583035
"1622","047294013",359.056679630776
"1623","047295003/047295004",57.4114825589097
"1624","047295005/047295002",35.3746015593599
"1625","047295006",36.8133642961337
"1626","047295007/047295008",2.12202603361227
"1627","047296001",3.15273395920602
"1628","047296003/02",63.0957433714003
"1629","047297001",12.4756644270233
"1630","047297002",0.621161749080038
"1631","047298001",381.927025955006
"1632","047298002/01",4.11416482708911
"1633","047298002/03",14.7281301796601
"1634","047298003",65.5604667391821
"1635","047298004",11.7806407300578
"1636","047298005",2.73662174093106
"1637","047298006",1359.64632338989
"1638","047298007",1527.58420526032
"1639","047298008",283.673798003335
"1640","047298009",80.2714403529045
"1641","047298010",2214.09226917884
"1642","047298011",58.0629809341268
"1643","047298012",179.674043839123
"1644","047298013",423.301457302531
"1645","047298014",822.40848214984
"1646","047298015",428.694244008128
"1647","047298016",92.039728155257
"1648","047300001",5.74216327786726
"1649","047300002",4.56372845844603
"1650","047300003",133.270862254454
"1651","047300004",82.4516261084802
"1652","047303001",18.4762555112173
"1653","047303002/047303010",14.4663180323621
"1654","047303003",29.3581581646645
"1655","047303004/047303005",4.81110410502148
"1656","047303007",80.2160977490228
"1657","047303008",1846.15916074253
"1658","047303009/01",914.949118619544
"1659","047303009/02",8.097090319865
"1660","047303009/03",46.6747991252722
"1661","047303011",1484.31192906792
"1662","047303012",1164.06325108854
"1663","047303013",1024.01666354319
"1664","047303015",276.50226863325
"1665","047303016",852.684307386764
"1666","047303017",266.540737792483
"1667","047303018",142.511766702476
"1668","047306001",4.16042856525009
"1669","047306002",0.991207822869071
"1670","047309001",4.16869943180793
"1671","047309003",0.921182223684319
"1672","047310001",1.88854077491031
"1673","047310002",52.6267603051715
"1674","047310003",91.9999999999608
"1675","047312001/047312003/047312004",2.59625016281815
"1676","047312002/047312005",1.30813899586515
"1677","047313001/047313004",3.25787866867091
"1678","047313006/047313005",112.059966293481
"1679","047313007/047313008/047313009",51.4939891339247
"1680","047315001",16.181379559356
"1681","047317002",2.02949656363619
"1682","047317003",1.83385396556851
"1683","047318001/01",5.11534784973573
"1684","047318001/02",104.365677106892
"1685","047318002",323.734788050121
"1686","047318003",258.120795672651
"1687","047318004",128.549381266551
"1688","047318005",3.24805856715186
"1689","047320001",443.954708863733
"1690","047320002",277.147994061388
"1691","047320003/01",0.478679718410881
"1692","047320003/02",26.7047535131005
"1693","047320004",10.3076881084368
"1694","047320005",34.114509198549
"1695","047320006",74.2945521435715
"1696","047320007",4.03439928626603
"1697","047320008",1.1727531734521
"1698","047320009",3.83037107814509
"1699","047320010",15.9958865924184
"1700","047322001",60.0202487683241
"1701","047322003",3.80199648793461
"1702","047322004",47.590357431053
"1703","047322005",63.0718196227821
"1704","047323001",81.2910882599488
"1705","047323002",184.403383724692
"1706","047323003",262.109942679621
"1707","047323005",41.8811219627561
"1708","047323006",28.0681310297429
"1709","047323010",165.414292235536
"1710","047323011",228.147863412402
"1711","047323012/047323013",343.313368619428
"1712","047323014",18.981851850609
"1713","047323015",124.274275052675
"1714","047323016",330.07359425649
"1715","047323017",277.195111741799
"1716","047323018",48.247003573851
"1717","047323021",439.999999999958
"1718","047323022",441.66748311796
"1719","047323023",179.669164019644
"1720","047323024",39.9866795867713
"1721","047323025",435.288294973854
"1722","047323026",310.299025829616
"1723","047323027",128.897952833331
"1724","047323028",319.091814280591
"1725","047323030",70.431142184276
"1726","047323033",217.57278157391
"1727","047323034/047323035",148.092983075874
"1728","047324001",685.677629776191
"1729","047324002",671.410604084142
"1730","047324003",839.867395263099
"1731","047324004",733.806370076174
"1732","047324005",32.693388173483
"1733","047324006",13.198427586711
"1734","047324007",0.347537360373365
"1735","047324009",52.7937860945017
"1736","047324012",2.75287329754514
"1737","047324014",5.64390547954565
"1738","047324015",964.517679911442
"1739","047324016",277.282299397089
"1740","047324017/047246004",1022.81430125443
"1741","047324018",634.728721932653
"1742","047324019",195.945560462831
"1743","047324020",18.2609419805985
"1744","047324021",373.32550990922
"1745","047324022",474.618428298756
"1746","047324023",61.7693637983275
"1747","047324024",82.184443561951
"1748","047324025",109.999999999922
"1749","047325001",204.548463107782
"1750","047325002",170.425727634074
"1751","047325003/047033006",346.811735728312
"1752","047325004",298.403955901158
"1753","047325005",264.382675035334
"1754","047325006",344.758885256008
"1755","047325007",10.1936929105571
"1756","047325008",306.414257539544
"1757","047325009",99.4114248201541
"1758","047325010",3.02168368127544
"1759","048001001",6281.39144279352
"1760","048001002",7698.74829283702
"1761","048001003",7811.81064477989
"1762","048001004",8113.02604317808
"1763","048002001",4880.13370057644
"1764","048002002",4732.99573380015
"1765","048002003",2914.41599629615
"1766","048002004",7110.98859027605
"1767","048002005",7021.85894003351
"1768","048002006",1564.79991579592
"1769","048002007",1481.90693126671
"1770","048003001",3674.89350470342
"1771","048003002",2432.431834145
"1772","048003003",2636.9634048166
"1773","048003004/01",1735.43662606373
"1774","048003004/02",1622.4485676573
"1775","048003005",1576.8372482557
"1776","048003006",1412.32081563489
"1777","048004001",2561.94170290195
"1778","048004002",2494.51564361924
"1779","048004003",2123.35476765165
"1780","048005001",1243.3843802534
"1781","048005002",2095.58056270808
"1782","048005003",2372.84699968767
"1783","048005004",2241.55009435025
"1784","048006001/01",1364.34168588734
"1785","048006001/02",1654.9999999986
"1786","048006002",1527.58803095159
"1787","048006003",2783.50215280833
"1788","048006004",7535.86421796245
"1789","048006005",4025.93500866699
"1790","048006006",8944.07739778624
"1791","048006007",4008.38030336353
"1792","048007001",1567.89761472838
"1793","048007002",3447.6578988496
"1794","048007003",3243.03357959992
"1795","048007004",1869.02031231816
"1796","048007005",3755.81193149964
"1797","048007006",1176.95466165485
"1798","048007007",2955.12382903446
"1799","048007008",2992.37278221101
"1800","048007009",1328.65943814453
"1801","048008001",8133.5446293777
"1802","048008002",8014.84904931374
"1803","048008003",3165.94716147868
"1804","048008004",3873.48296699345
"1805","048008005",3127.77074122363
"1806","048008006",3543.51196415938
"1807","048008007",1289.69890015621
"1808","048008008",3582.39629615396
"1809","048008009",2993.39092139477
"1810","048008010",4218.23018849022
"1811","048008011",3602.19190587233
"1812","048008012",4374.96800533562
"1813","048008013",3627.65553300284
"1814","048008014",1188.14234453803
"1815","048008015",4889.84175805677
"1816","048008016",3971.3445265559
"1817","048009001",1472.16483928949
"1818","048009002",4136.80541786937
"1819","048009003",1617.45046163699
"1820","048009004",904.360834725956
"1821","048009005",3254.95017193372
"1822","048009006",1902.87334820333
"1823","048009007",5486.57174954274
"1824","048009008",2725.44700507979
"1825","048009009",3041.58085968953
"1826","048009010",4178.06172197524
"1827","048009011",413.4977172994
"1828","048009012",2267.93051933893
"1829","048010001",5004.67341569911
"1830","048010002",2668.78776838569
"1831","048010003",4219.42318102882
"1832","048010004",2168.67877574683
"1833","048010005",3174.46313879423
"1834","048010006",2216.87436563553
"1835","048011001",3493.80003512167
"1836","048011002",2844.28370041408
"1837","048011003",3793.64216476447
"1838","048011004",3603.73776230607
"1839","048012001",1151.77554069893
"1840","048012002",3040.0885820378
"1841","048012003",3413.43416894089
"1842","048012004",1360.40295311943
"1843","048012005",2051.913705475
"1844","048012006",2090.00000000142
"1845","048012007",3410.07869759381
"1846","048012008",3444.18553305708
"1847","048012009",3373.19543986598
"1848","048012010",10118.5008872665
"1849","048012011",7264.09450637658
"1850","048013001",3567.88672698467
"1851","048013002",6284.53935732994
"1852","048013003",5214.51131324472
"1853","048013004",1155.54249518673
"1854","048013005",1194.70565794354
"1855","048014001/048014002",20357.8399719266
"1856","048014003",18422.5430590973
"1857","048014004",24575.8896319254
"1858","048015001",11532.3485399747
"1859","048015002",8399.46987252335
"1860","048015003",3833.66656796136
"1861","048015004",3851.33634479211
"1862","048015005",5860.90845328963
"1863","048015006",21405.3128557406
"1864","048015007",13677.4742656156
"1865","048015008",10947.0926240754
"1866","048015009/01",9753.02400919508
"1867","048015009/02",6934.987636078
"1868","048016001",6563.69158597346
"1869","048016002",2851.18233074285
"1870","048016003",2985.01998702528
"1871","048016004",5130.58047782
"1872","048016005",5709.886816857
"1873","048016006",4965.08978404143
"1874","048017001",12852.6757980728
"1875","048017002",11239.732016406
"1876","048017003",11095.7145094761
"1877","048018001",6030.31469724483
"1878","048018002",4448.59406312813
"1879","048018003",7970.35623196438
"1880","048018004",6697.32496700297
"1881","048018005",5490.30479986567
"1882","048018006",7882.35807456011
"1883","048019001",1485.0418152713
"1884","048019002",4078.37374136479
"1885","048019003",4225.42749786565
"1886","048019004",832.395427624594
"1887","048020001",4875.45288062162
"1888","048020002",2980.96034248391
"1889","048020003",1608.06446209453
"1890","048020004",7736.05758799651
"1891","048020005",10516.6817600096
"1892","048020006",8277.40619594673
"1893","048021001",3125.25394605424
"1894","048021002",1535.7771540665
"1895","048021003",4002.96286714491
"1896","048022001",2141.99372992576
"1897","048022002",2262.38869700623
"1898","048022003",2016.15891506487
"1899","048022004",2465.73165408508
"1900","048023001",2468.84213032852
"1901","048023002",2147.93787874732
"1902","048023003",2182.63494031638
"1903","048023004",1091.03590907794
"1904","048023005",2547.30586300379
"1905","048023006",2689.30504811165
"1906","048023007",2521.71330270403
"1907","048023008",1369.39214805604
"1908","048023009",2271.17805987211
"1909","048023010",1770.4647876264
"1910","048023011",1916.17373364598
"1911","048023012",2477.70149218927
"1912","048024001",3898.80957558167
"1913","048024002",3408.1529986388
"1914","048024003",3343.33307857894
"1915","048024004",3089.4424931114
"1916","048024005",2744.56085106435
"1917","048024006",3907.57643871571
"1918","048024007",2624.08969453908
"1919","048024008",3843.60038394826
"1920","048024009",4331.63852935278
"1921","048025001",2363.06516821879
"1922","048025002",2511.18605269324
"1923","048025003",2254.12924717035
"1924","048025004",2690.95482734658
"1925","048026001",1598.78626664402
"1926","048026002",2130.75511756608
"1927","048026003",1767.85730017088
"1928","048027001",4297.08524493971
"1929","048027002",4610.19781433673
"1930","048027003",4942.07395521096
"1931","048027004",4938.10684765108
"1932","048028001",10376.701329682
"1933","048028002",4668.47314501817
"1934","048028003",11367.3442818923
"1935","048028004",14282.5457165064
"1936","048028005",10407.0404692907
"1937","048028006",12650.2013407444
"1938","048028007",4495.47803283754
"1939","048028008",8429.62902290346
"1940","048028009",11093.0751054005
"1941","048028010",12015.293436142
"1942","048029001",5264.97748386503
"1943","048029002",6075.09080152942
"1944","048029003",6121.1538428983
"1945","048029004",3441.93757090938
"1946","048029005",8822.03011377153
"1947","048030001",5441.48736954695
"1948","048030002",4064.02431619116
"1949","048030003",7735.82186771539
"1950","048030004/01",8102.62907658329
"1951","048030004/02",9095.14319016098
"1952","048030004/03",10676.9299943998
"1953","048030005",9926.73233919355
"1954","048030006",8328.65742888381
"1955","048031001",3372.60406941393
"1956","048031002",3747.53775092098
"1957","048031003",6645.81468255937
"1958","048032001",3415.75765032026
"1959","048032002",3230.87335270391
"1960","048032003",2870.78864469409
"1961","048033001",2898.15550363513
"1962","048033002",1506.46779257202
"1963","048033003",1359.05782550185
"1964","048033004",1796.40270001654
"1965","048033005",2491.61220122871
"1966","048033006",1942.46053938778
"1967","048033007",2719.18954080848
"1968","048033008",1308.61076086065
"1969","048033009",1390.86484176881
"1970","048033010",2108.43320637057
"1971","048033011",2581.23468330615
"1972","048034001",3254.03726246191
"1973","048034002",1807.09066870571
"1974","048034003",286.67862323678
"1975","048034004",729.937323511783
"1976","048034005",45.1126905887607
"1977","048034006",395.323354040954
"1978","048034007",1308.89002966305
"1979","048034008",1897.91588959208
"1980","048035001",2856.68874145446
"1981","048035002",4943.44302890636
"1982","048035003",4053.41959400247
"1983","048036001",2736.22834072362
"1984","048036002",3543.03037430884
"1985","048036003",2492.47426702216
"1986","048037001",3201.49137829883
"1987","048037002",3616.95519613549
"1988","048037003",4022.29874366979
"1989","048037004",3483.79800715676
"1990","048037005",4069.65349322352
"1991","048037006",4289.18064116486
"1992","048037007",4948.40050229982
"1993","048038001",5378.87231973105
"1994","048038002",5700.61307679026
"1995","048038003",4742.61663100818
"1996","048038004",3729.11643643509
"1997","048038005",4397.67209429897
"1998","048039001",4710.05000654479
"1999","048039002",4534.27824876113
"2000","048039003",1465.74481145225
"2001","048039004",5373.43704601729
"2002","048039005",2967.04477513415
"2003","048039006",2217.90089534845
"2004","048039007",3350.85799548315
"2005","048039008",1601.75710104004
"2006","048039009",4844.2804470774
"2007","048039010",4421.52749820239
"2008","048039011",4004.19446430307
"2009","048039013",3755.88601670549
"2010","048039014",2441.49769815645
"2011","048040001",5626.10022046657
"2012","048040002",4387.21103109342
"2013","048040003",4660.65933212535
"2014","048040004",3554.26164814443
"2015","048040005",3605.40972397901
"2016","048040006",3999.40174082707
"2017","048040007",3681.53824591261
"2018","048041001",4998.02559432135
"2019","048041002",2262.2382770014
"2020","048041003",4644.15573068739
"2021","048041004",3505.54190120594
"2022","048041005",2906.22553753935
"2023","048042001",4910.86738900503
"2024","048042002",2033.25058968499
"2025","048042003",842.21330896046
"2026","048042004",776.932050891681
"2027","048042005",899.209832171937
"2028","048042006",645.10432546754
"2029","048042007",5190.18630226917
"2030","048042008",3457.35114409273
"2031","048042009/01",1619.16149792336
"2032","048042009/02",2117.02861979753
"2033","048042010",1506.2089390938
"2034","048042011",1675.51128646721
"2035","048042012",961.378700934703
"2036","048042013",2051.04184414236
"2037","048042014",3184.69431968353
"2038","048042015",3982.91194029482
"2039","048042016",1407.35248434931
"2040","048042017",298.612854360108
"2041","048042018",299.726292489938
"2042","048043001",2896.34938798126
"2043","048043002",1376.11216426176
"2044","048043003",3575.8653721707
"2045","048043004/01",1113.27156960996
"2046","048043004/02",2367.50387459982
"2047","048043005",3228.58690213382
"2048","048043006",2951.44635833723
"2049","048043007",2740.85272892287
"2050","048043008",2252.68056110054
"2051","048043009",3819.68527914921
"2052","048043010",2590.37606138606
"2053","048043011",2180.05556078388
"2054","048043012",2720.74226055021
"2055","048043013",3288.08082052186
"2056","048043014",2706.48452340328
"2057","048043015",3033.64594677903
"2058","048043016",2250.89720988772
"2059","048043017",3194.57385480879
"2060","048043018",1151.49987234363
"2061","048044001",1952.39672275594
"2062","048044002",3251.36797589271
"2063","048044003",3866.96731785762
"2064","048044004",1377.92257317394
"2065","048044005",2766.75576092725
"2066","048044006",4067.89000325238
"2067","048044007",3878.89481442217
"2068","048044008",3170.51267797704
"2069","048044009",5235.68152201916
"2070","048044010",5909.59620552511
"2071","048044011",4998.13162582849
"2072","048044012",4100.23628564784
"2073","048045001",7850.5620389455
"2074","048045002",10877.1254672209
"2075","048045003",10354.4356730662
"2076","048045004",9153.70073486386
"2077","048046001",4109.69821211661
"2078","048046002",1115.41527682475
"2079","048046003",792.85929231949
"2080","048046004",2436.4652974447
"2081","048046005",2749.45543050427
"2082","048046006",1953.89653966589
"2083","048046007",696.783465744584
"2084","048046008",1201.1042432738
"2085","048046009",1470.50912280365
"2086","048046010",2473.19279155142
"2087","048046011",1509.60374402268
"2088","048046012",1701.30808290999
"2089","048046013",3200.76560853726
"2090","048047001",3149.00567751643
"2091","048047002",2705.73023337228
"2092","048047003",4415.53633772713
"2093","048047004",2134.44103107336
"2094","048047005",5298.17969398218
"2095","048047006",7115.05979576085
"2096","048047007",5375.04027802129
"2097","048047008",7428.5309767664
"2098","048047009",6452.05723088163
"2099","048048001",1946.51223285384
"2100","048048002",882.104628094339
"2101","048048003",2688.24365825134
"2102","048048004",2383.87317352417
"2103","048048005",767.724252594024
"2104","048048006",918.506212360092
"2105","048048007",2795.59901411925
"2106","048048008",3137.28881544774
"2107","048048009",2706.68725635998
"2108","048048010",2806.59492968899
"2109","048049001",2641.55900710183
"2110","048049002",2821.97241390212
"2111","048049003",1577.1438724464
"2112","048050001",2130.35537972131
"2113","048050002",3616.44166069496
"2114","048050003",985.718530211902
"2115","048050004",3399.84803518439
"2116","048050005",3618.94955209494
"2117","048050006",3207.10606105087
"2118","048050007",2539.41291461421
"2119","048051001",3258.22478115448
"2120","048051002",5411.50360724335
"2121","048051003",4062.41152312187
"2122","048051004",3338.1252548693
"2123","048051005",5930.80873320601
"2124","048051006",2867.74267114751
"2125","048051007/01",1986.29264232696
"2126","048051007/02",2123.18476282035
"2127","048051008",443.699770197297
"2128","048051009",1298.46155866174
"2129","048051010",290.140920963243
"2130","048051011",1153.68381594591
"2131","048051012",1332.38746695905
"2132","048051013",148.128787603105
"2133","048051014",79.376828546013
"2134","048052001",4121.86930879353
"2135","048052002",4168.34792128692
"2136","048052003",4432.34261292076
"2137","048052004",4590.30132879231
"2138","048052005",5712.29294906253
"2139","048052006",6622.4095814514
"2140","048052007",10544.2017911767
"2141","048052008",15114.0387324798
"2142","048052009",15180.6165794176
"2143","048052010",18036.8771239422
"2144","048053001",5702.48170399391
"2145","048053002",4933.04054059988
"2146","048053003",5824.46498861835
"2147","048053004",7599.46028714151
"2148","048053005",4825.02502606399
"2149","048053006",10776.3475180976
"2150","048053007",7324.26203138385
"2151","048054001",12774.8828101014
"2152","048054002",13288.9853326161
"2153","048054003",16026.0628245109
"2154","048054004",17499.1466211559
"2155","048054005",15827.9502258831
"2156","048054006",13457.6969058552
"2157","048054007",14811.1556571114
"2158","048054008",17055.4430266045
"2159","048054009",13777.0946794832
"2160","048054010",11412.8580433084
"2161","048054011",15838.4336840835
"2162","048055001",3004.69177202176
"2163","048055002",3896.98228614171
"2164","048055003",8105.28718504147
"2165","048055004",8445.39372504791
"2166","048055005",7883.08002483755
"2167","048056001",18589.8764579093
"2168","048056002",9528.52718935896
"2169","048056003",7848.85678806806
"2170","048056004",8189.69878930663
"2171","048056005",9240.17831916783
"2172","048056006",14122.6119924429
"2173","048056007",11803.445536995
"2174","048057001",4693.31000418207
"2175","048057002",6788.0493137952
"2176","048057003",11562.6407871291
"2177","048057004",14805.6415644276
"2178","048057005",10823.6625085252
"2179","048057006",9503.35387226003
"2180","048057007",7696.71537600094
"2181","048058001",6420.85570764565
"2182","048058002",6012.01367553744
"2183","048058003",6983.40899541045
"2184","048058004",7532.7549814248
"2185","048059001",728.627585396546
"2186","048059002",2129.88627624867
"2187","048059003",2298.27521876827
"2188","048060001",3195.70268133589
"2189","048060002",2405.79647459369
"2190","048060003",3064.17780550055
"2191","048060004",2532.36918244239
"2192","048060005",5096.32072960537
"2193","048061001",5222.95138525853
"2194","048061002",4345.21552826709
"2195","048061003",1925.54734306595
"2196","048061004",2616.58289731148
"2197","048061005",1263.92551956379
"2198","048061006",848.940361056213
"2199","048061007",1184.20593405896
"2200","048061008/01",889.250938922476
"2201","048061008/02",951.573413192487
"2202","048062001",1094.6893998051
"2203","048062002",1014.23161552815
"2204","048062003",1156.08456339467
"2205","048062004",1702.23022697397
"2206","048062005",1665.8668144195
"2207","048062006",1026.99816305063
"2208","048062007",603.157406345315
"2209","048062008",635.26366320837
"2210","048062009",1011.91680653281
"2211","048062010",1016.13207914037
"2212","048062011",1854.47517781456
"2213","048062012",2459.5684747352
"2214","048062013",2993.20751319466
"2215","048062014",2396.30878718469
"2216","048063001",3187.27034096283
"2217","048063002",3972.26039732942
"2218","048063003",3374.15980193183
"2219","048063004",3711.85038953477
"2220","048063005",2944.64848644777
"2221","048063006",3666.17741998252
"2222","048063007",3487.95936420417
"2223","048064001",4507.46501164432
"2224","048064002",5763.65964534856
"2225","048064003",2812.28404123279
"2226","048064004/048064005",3311.72171849613
"2227","048064006",2095.15658366213
"2228","048064007",958.019449094423
"2229","048064008",2261.99999999992
"2230","048064009",2317.85711904681
"2231","048065001/01",447.494439596581
"2232","048065001/02",1252.53399741458
"2233","048065002",1006.74645384269
"2234","048065003",3768.37908101362
"2235","048065004",3416.77741997246
"2236","048065005",1834.25798345137
"2237","048065006",4418.88569843367
"2238","048065007",4812.2507621187
"2239","048065008",3115.2100024573
"2240","048065009",3874.80637267427
"2241","048065010",3250.49535705686
"2242","048066001",1707.02221303585
"2243","048066002",1794.58765750727
"2244","048066003",2416.82338804185
"2245","048066004",2974.07422056534
"2246","048066005",2179.06830225404
"2247","048066006",1772.12748996378
"2248","048066007",2934.79710861011
"2249","048067001",3877.50779344397
"2250","048067002",3776.31564653609
"2251","048067003",3878.23496357959
"2252","048068001",6625.20643012202
"2253","048068002",5240.89632804954
"2254","048068003",7844.861504354
"2255","048069001",8326.16702461819
"2256","048069002",6891.99334665551
"2257","048069003",7233.68615967404
"2258","048069004",7676.23164521415
"2259","048070001",2422.31336690974
"2260","048070002",1025.71558102722
"2261","048070003",2600.0013920909
"2262","048070004",205.267779821645
"2263","048070005",2140.41585082587
"2264","048070006",3399.50123659209
"2265","048070007",1778.89437461432
"2266","048070008",2537.94734115526
"2267","048070009",1031.49224996203
"2268","048070010",4839.30569701658
"2269","048070011",8431.03110601345
"2270","048070012",7374.42287900243
"2271","048071001",6313.9621603408
"2272","048071002",10744.1738897355
"2273","048071003",6925.1749013231
"2274","048071004",9169.545139426
"2275","048072001",454.90134272976
"2276","048072002",719.121949633884
"2277","048072003",2268.03101214636
"2278","048072004",2958.01606816754
"2279","048072005",3481.22150353552
"2280","048072006",3421.0724203143
"2281","048073001",102.391927976015
"2282","048073002/01",3690.28516493372
"2283","048073002/02",2896.18753877684
"2284","048073003",1980.58949119939
"2285","048074001",1189.91758455536
"2286","048074002",3167.95580536131
"2287","077001001",0.791525599095941
"2288","077001002",2.22166879276931
"2289","077001003",1.5122935972543
"2290","077001004",64.5254387959795
"2291","077001005",20.1505525473269
"2292","077002001",19.2430053106966
"2293","077003002",3.54905119757418
"2294","077004004",0.312209485085139
"2295","077006001",2.065452018991
"2296","077006002",1.23521874846922
"2297","077007002",16.3186869396673
"2298","077007003",41.9636872650453
"2299","077007004",1.62666440628191
"2300","077008002",0.72988756600357
"2301","077011004/077011005",0.384860831021517
"2302","077012001",1.46485910001465
"2303","077012002/077012003",83.8306965198381
"2304","077014001",6.59870311282397
"2305","077015001",36.7202107418875
"2306","077015003",1.98269637532365
"2307","077015004",14.8407714743906
"2308","077019001",0.0131453523185085
"2309","077020002/077020003",39.7387001628534
"2310","077020004",4.4319387717803
"2311","077020009",3.17026474297414
"2312","077021002",1.35340817977407
"2313","077022001",1.372920763495
"2314","077022002",0.072206418168598
"2315","077023002",24.6073617036212
"2316","077023003",54.3937072506187
"2317","077023004",5.51270297776127
"2318","077023005",11.0841401430267
"2319","077023006",7.40530294657281
"2320","077023007",31.8100584429972
"2321","077025001",6.97037757328546
"2322","077025003/02/077025002",0.277763009288545
"2323","077025004",1.80940764558838
"2324","077027002/077027003",3.35291244525002
"2325","077027004",3.20778324605149
"2326","077027005/077027006",2.90507660274852
"2327","077028002",10.5299020804958
"2328","077030001/077030002",0.139519449671828
"2329","077030003",21.7404629619857
"2330","077030004",7.92881511161366
"2331","077031001",1.90492557840974
"2332","077032001",0.184608529205835
"2333","077033003",0.00129462784509184
"2334","077035002",2.35143487782993
"2335","077035004",1.15582572725601
"2336","077035005/077035008",76.2180944637962
"2337","077035006",129.116590413376
"2338","077035007",12.2594394352497
"2339","077035009",105.250913158919
"2340","077035010",5.81121997198688
"2341","077035012",127.837777261143
"2342","077036001/077036003",2.89151005222404
"2343","077036002",0.703763993850668
"2344","077037001/077133001",0.000517018342265665
"2345","077040003",7.46575861710241
"2346","077040004",7.7124590952552
"2347","077041001",0.0779441550414769
"2348","077041002",10.3420921931024
"2349","077042002/077042003/077042004",1.2888365427364
"2350","077043003",22.6190735199516
"2351","077043004",10.5231418119577
"2352","077043005/077043007",1.15527302889758
"2353","077044002",0.0359295035830287
"2354","077044003",98.1998618289462
"2355","077044004",91.7443634279823
"2356","077044005",43.267677092889
"2357","077044008",2.28123310887989
"2358","077044009",91.1182591586814
"2359","077044010",0.00806802816307441
"2360","077044011",62.7562441498056
"2361","077044012",19.2976373746021
"2362","077044014",11.9481139965529
"2363","077046001",31.1813255492839
"2364","077046002",2.49474551276986
"2365","077048001",0.296212417088483
"2366","077048002/077048003",0.0127184826930224
"2367","077049002",3.30300567789852
"2368","077049004",1.10387562544257
"2369","077052001",0.47134999188927
"2370","077059001",4.09427153755596
"2371","077061001/077061003",2.63200178141906
"2372","077061002/077061006",1.22506669719573
"2373","077061004",0.781713434322453
"2374","077062001",0.099117781159094
"2375","077062002",5.05562732273717
"2376","077064001",0.0310860186778489
"2377","077065001",15.0366288266999
"2378","077065002",58.3309075570844
"2379","077065003",181.860284219386
"2380","077065004",0.0752357735337861
"2381","077065005",87.3758107297405
"2382","077065007",171.650164892864
"2383","077065008",1.26856093233445
"2384","077065009",13.1885515551411
"2385","077066001",0.60415236061826
"2386","077067003",0.0388500967845224
"2387","077070001",2.6925562241432
"2388","077070002/077070003",0.860353508029631
"2389","077071001/077071002",37.9071568138773
"2390","077071004/077071003",2.90770578298485
"2391","077072001/077072003",0.0556929779093228
"2392","077072002",8.43823127708334
"2393","077072004",53.6905601553344
"2394","077073001/077073002",1.7053451574191
"2395","077073003",11.0611824053927
"2396","077074004",8.52603751936409
"2397","077075003",38.4904236844727
"2398","077075005",8.91961840116896
"2399","077075007",0.379769205644363
"2400","077076002",6.69264785408603
"2401","077077001",2.62864363676071
"2402","077077002",5.48355668783467
"2403","077078001",12.2718448975248
"2404","077078003/077078006",2.36714502400658
"2405","077078004/077078005",50.3131716779333
"2406","077078007/01",32.934078091299
"2407","077078007/02/077078002/077078007/077078008",0.433193486199842
"2408","077079001",0.678599464998564
"2409","077080001",0.294794128486108
"2410","077081002",0.0735885833377441
"2411","077082008",3.17605973952437
"2412","077084002",0.436239831325044
"2413","077087001",1.59660425294136
"2414","077087002/01",8.39166399125085
"2415","077087002/02",9.94796840590674
"2416","077088001",4.13810529725959
"2417","077089006",108.927319960626
"2418","077089013",145.23594674706
"2419","077089014",0.505333108778168
"2420","077089015",24.0974337159012
"2421","077089017",10.7327900015885
"2422","077089018",3.9579022198539
"2423","077091001",1.63810010533173
"2424","077091002",0.886272140913767
"2425","077092001",0.938258910386441
"2426","077092002",0.3865358347668
"2427","077092003",0.446794002898405
"2428","077094001",0.21202769089275
"2429","077095001",2.0232914229809
"2430","077096001",0.184761451261157
"2431","077097001",1.98490972198406
"2432","077097002/077097004",0.153938274837673
"2433","077097003/077097005",105.64129910518
"2434","077098001",0.0292178370632555
"2435","077101001",0.0998996100809032
"2436","077101002",9.01536845610963
"2437","077101003",43.3030413502741
"2438","077101005",3.04564488561225
"2439","077101009/01",181.240328434662
"2440","077101010",11.0657363484032
"2441","077101017/077101004",34.4983774159805
"2442","077101022/01",2.5068069765872
"2443","077101022/02",125.443522914639
"2444","077101023",89.3167955248246
"2445","077101024",218.000000000086
"2446","077102001",231.207179703449
"2447","077102002",157.182616278555
"2448","077102005",77.2011189715769
"2449","077102006",630.554479672853
"2450","077102007",127.460915341052
"2451","077102008",3.88031015860639
"2452","077102009",411.07883716442
"2453","077102010",49.9037335491233
"2454","077102011",100.712692173401
"2455","077102012",180.292126655903
"2456","077102013",274.666116432533
"2457","077102014",275.13679301474
"2458","077102015",42.9370391609944
"2459","077102016",721.517882305597
"2460","077102017",5.91938041795011
"2461","077102018",41.0031654424057
"2462","077102019",7.06143877792929
"2463","077102020",459.829075477572
"2464","077102021",587.178225376447
"2465","077102022",272.997698005967
"2466","077102023",160.63676859662
"2467","077102024",463.430427937926
"2468","077102025",240.7711518101
"2469","077102026",1.6499861392502
"2470","077102027",25.8451544589431
"2471","077102029",774.207533121415
"2472","077102031",54.9223903096953
"2473","077102032",92.8950130399155
"2474","077102033",203.563802585447
"2475","077102034",830.113202240418
"2476","077102035",349.126787236096
"2477","077102036",444.978967913358
"2478","077102037",246.215621336776
"2479","077102038",36.2106479760867
"2480","077102039",332.830928736421
"2481","077102040",185.117641302922
"2482","077102041",307.567842319505
"2483","077103002",2.97210037427267
"2484","077104001",0.0931383186415232
"2485","077104002",81.7421230462365
"2486","077104003",13.156796765963
"2487","077104005",48.4000181877134
"2488","077104006/077104007",72.2064286279757
"2489","077104008/077104004/077104013",0.412087176515527
"2490","077104009/077104012",30.0974492349226
"2491","077105001",1.51567816812138
"2492","077105002",0.644716931876544
"2493","077106004/077106014",58.6667577359171
"2494","077106005/077106006",246.295344741196
"2495","077106007",2.42767940920754
"2496","077106010",2.29311676360802
"2497","077106011",2.23534223792619
"2498","077106012/02",26.0433630801376
"2499","077106013",2.32822551753842
"2500","077106016/077106017",269.39297154413
"2501","077106019",169.377039107808
"2502","077106020",0.646122900130456
"2503","077108001/077108005",16.0730437474527
"2504","077108002",2.96488728233448
"2505","077108003",3.59834792109871
"2506","077108004",5.14345302572825
"2507","077111001",1.69003403424412
"2508","077111003",1.6045780855975
"2509","077111005",1.46367379041397
"2510","077112002",1.1955430371157
"2511","077112003/077112004",3.19042824710174
"2512","077114001",3.18285952995313
"2513","077114002/077114003",134.861033257238
"2514","077116001",3.24532566446569
"2515","077117001",16.3027066559591
"2516","077117002",21.3381997880827
"2517","077120001",1.79681700383882
"2518","077120002",1.29208458270216
"2519","077122001",12.4337789288601
"2520","077122002",8.46405348496992
"2521","077122003",2.23536494106868
"2522","077125001/077125002",0.292113526930585
"2523","077125003",25.0728374524449
"2524","077128001",25.3068856868163
"2525","077128002",169.88877978942
"2526","077128003",3.3037850693198
"2527","077128008",0.272473609335254
"2528","077128009",180.957459324575
"2529","077128010",1.3515855066973
"2530","077128013",214.520567172235
"2531","077128014",49.8894215398686
"2532","077128019",25.52617909981
"2533","077128020",225.734262884916
"2534","077128021",0.464721845807794
"2535","077129002",0.814885025728838
"2536","077129003",21.8751990009389
"2537","077129004",5.08468627502132
"2538","077129005/077129001",5.32167823387723
"2539","077129006",69.9999999999812
"2540","077131001",0.312471639363075
"2541","077131002/077131003",23.012959968663
"2542","077132001",0.036556814452382
"2543","077132002",1.9023509322821
"2544","077136001",156.12083941783
"2545","077136002/01",252.301558516141
"2546","077136002/02",125.851387218784
"2547","077136005/077136003",6.34076625194929
"2548","077136006",28.5688125231271
"2549","077136007/077136008",0.270938607271696
"2550","077136010",196.759578676427
"2551","077137001",2.67802497338367
"2552","077138001",118.038681863001
"2553","077138002/01",57.343013669366
"2554","077138002/02",50.9375112179529
"2555","077138004/077138003",1.53547852282887
"2556","077138005",43.528797524354
"2557","077138006",0.0146965951695457
"2558","077138007",6.53760867343169
"2559","077140001",1.0691089858905
"2560","077141003",2.40687443671526
"2561","077142003",22.8767787654908
"2562","077142004",52.192812124504
"2563","077142005",1.50687200951529
"2564","077145001/077145003",0.121463723219282
"2565","077145002",7.35292920228247
"2566","077146002",119.99943925138
"2567","077146004",9.63279515390204
"2568","077147002",4.19528537019485
"2569","077148001",0.587239469248998
"2570","077148003",0.0382500090733584
"2571","077148004/077148005",38.9881839690845
"2572","077148006",148.421588950519
"2573","077148007/01",279.65593515166
"2574","077148007/02",222.715916508201
"2575","077148008",24.8389111080156
"2576","077153003",35.5903210908567
"2577","077153004",22.5958708198378
"2578","077153005",0.0574701773040573
"2579","077155001",0.752077966920204
"2580","077156001/077156002/077156003",0.565940930843297
"2581","077157001",11.6056344970763
"2582","077157002",48.9632900550339
"2583","077157003",68.6791030328659
"2584","077157004",1.2360539242848
"2585","077160001",83.0466459314521
"2586","077160002",51.8126288609902
"2587","077160003",94.796169215638
"2588","077160004",44.9195534255488
"2589","077160005",7.2690451986616
"2590","077160006",60.0193249558394
"2591","077160008",3.19751944348722
"2592","077160009",85.3098162824756
"2593","077160010",81.7684040338392
"2594","077160011",60.6389753922636
"2595","077160012",98.5645597598139
"2596","077160013",14.3908754465778
"2597","077160014",12.9079663173654
"2598","077160015",24.2334326021432
"2599","077160016/01",133.065930011852
"2600","077160016/02",0.359827425391026
"2601","077160017",4.97027785640679
"2602","077160019",100.024032300089
"2603","077160020",104.045376113993
"2604","077160021",87.5810517198239
"2605","077160022",166.917647383158
"2606","077160023",50.2194178490106
"2607","077160024",5.18361859389825
"2608","077160026",61.7338232691994
"2609","077160027",15.9794379561291
"2610","077160029/01",8.60217867425122
"2611","077160031",157.944080237988
"2612","077160032",206.043364576455
"2613","077160034",13.1816736492319
"2614","077160035",47.1713472373795
"2615","077160036",20.3095778838292
"2616","077160037",228.255636303119
"2617","077160038",8.56878669429037
"2618","077160039",267.289916308399
"2619","077160040",791.184862058578
"2620","077160041",704.848725154641
"2621","077160042",1071.08524907373
"2622","077160043",174.922632415081
"2623","077160044",48.7642893135361
"2624","077160046",198.069890143596
"2625","077160047",36.6055736297483
"2626","077160048",311.745118126069
"2627","077160049",212.171015552225
"2628","077160050",71.8472657648107
"2629","077160051",170.09042242623
"2630","077160052",267.912339325984
"2631","077160053",295.332756633668
"2632","077160054",155.798758887717
"2633","077160055",69.281309448018
"2634","077160056",124.834016776653
"2635","077160057",121.485565835174
"2636","077160058",434.500369473101
"2637","077160059",450.655260860317
"2638","077160060",107.825457419831
"2639","077160061",148.464097616233
"2640","077160062",296.021716071614
"2641","077160063",102.562224083338
"2642","077160064",44.1295747566007
"2643","077160065",15.4642825003784
"2644","077160067",22.8855270971883
"2645","077160068",87.51599346457
"2646","077160069",62.9143927436897
"2647","077160070",3.83581467939652
"2648","077160071",40.4325086402906
"2649","077160074",526.297052798723
"2650","077160075",826.28011537957
"2651","077161001",189.07977825722
"2652","077161002",198.525849293329
"2653","077161003",327.118426771608
"2654","077161004",277.561753041296
"2655","077161005",809.311774050335
"2656","077161006",324.773711635136
"2657","077161007",700.441425189462
"2658","077161008",424.52679347144
"2659","077161009",585.314363716642
"2660","077161010",153.436403720663
"2661","077161011",377.141938060968
"2662","077161012",178.79725489193
"2663","077161013/077161014",631.897522545953
"2664","077161015",538.244922723199
"2665","077161016",256.726054720558
"2666","077161017",141.345435450674
"2667","077161018",58.8750966009303
"2668","077161019",173.223948259538
"2669","077161020",286.955776331263
"2670","077161021",816.218871019413
"2671","077161022",764.333645349537
"2672","077161023",179.468877350968
"2673","077161024",191.648564338655
"2674","077161025",773.713717118683
"2675","077161026",210.962409439584
"2676","077161027",667.354317637345
"2677","077161028",821.994703596337
"2678","077161029",912.059439145824
"2679","077161030",995.999205427375
"2680","077162002",0.101502120680551
"2681","077164002",4.33267636600149
"2682","077165001",0.674731093288378
"2683","077165002",1.7468218185088
"2684","077165004/077165005",2.62882571503573
"2685","077165006",0.0215708313352519
"2686","077166002",20.5249090034431
"2687","077166004",6.67213699143002
"2688","097002002",0.00259472272398289
"2689","097002004",0.0111734860201691
"2690","097010001",5.2979656776504
"2691","097010002",125.725772823564
"2692","097011001",1.44081414461492
"2693","097011002",0.383834279836002
"2694","097011003",53.4827998741246
"2695","097011004",53.2698305067542
"2696","097011005",72.2114602801862
"2697","097011006",30.3308175327118
"2698","097013001",0.21689703523873
"2699","097014001",0.188426768797415
"2700","097014002",5.04652623217705
"2701","097014003",45.0267209659571
"2702","097019002",0.106562001665439
"2703","097019005",4.44442865282999
"2704","097020001",22.9130357748986
"2705","097020002",94.1331155734773
"2706","097020003",6.26583134082713
"2707","097020004",90.7481031907032
"2708","097020005",90.6887248337897
"2709","097020006",128.192658817356
"2710","097020007",61.2310564423549
"2711","097020008",31.2510536072084
"2712","097022004",4.66802478306951
"2713","097022005",3.57702597534059
"2714","097022008",8.56256082381349
"2715","097022009/097022006",34.9912639935951
"2716","097022010",43.5231810112968
"2717","097023001",0.0255484871437346
"2718","097024002",0.641857554334267
"2719","097025002",19.4684010157245
"2720","097025003/01",46.3823361245621
"2721","097025003/02/097025004",3.80777872286493
"2722","097027001",1.28795876030053
"2723","097028001",2.70166923371286
"2724","097029002",1.08781724232421
"2725","097030001",0.177335063974696
"2726","097031001",4.15263225014545
"2727","097031002",2.33880869100384
"2728","097032002",0.773876318882735
"2729","097033001",3.71633725617463
"2730","097033003",0.535024779673234
"2731","097034001",4.76440260295544
"2732","097034002",47.4881161694678
"2733","097035001",1.89010131274062
"2734","097038001",66.0742377025895
"2735","097038002",3.22803117043929
"2736","097040001",0.898272289776771
"2737","097041001",7.84683517208328
"2738","097041002",4.62546354759099
"2739","097041003",233.362561328925
"2740","097041004",356.999999999825
"2741","097043001",1.67172548486402
"2742","097043002",0.150484809852518
"2743","097043003/01",8.60226958185918
"2744","097043003/02",16.6049901118091
"2745","097044001",0.117799576779585
"2746","097046001/097046002",0.486436946473387
"2747","097046003",22.4533373821985
"2748","097047001",1.23987636622264
"2749","097047002",1.93794765065008
"2750","097047003",80.1834669626144
"2751","097047004",91.75247686268
"2752","097047005",15.850305341634
"2753","097048002",1.55401810374823
"2754","097048003",0.215693288386601
"2755","097048004",12.442618155659
"2756","097048005",0.12039278027155
"2757","097048006",28.6095798058032
"2758","097048007",1.66412644654651
"2759","097048008",5.56186273510768
"2760","097050001",0.00550538557099145
"2761","097050002",0.438710548787783
"2762","097050003",0.205759917204039
"2763","097050004",15.5538615611091
"2764","097050005",15.9489011830557
"2765","097051001",5.1602865200331
"2766","097051002",179.078944987323
"2767","097051003",33.9734063892674
"2768","097053001/01",2.25157030322897
"2769","097053001/02",3.45667288818073
"2770","097053002",70.9226575716903
"2771","097053003",48.37292241619
"2772","097054001",56.8705243698794
"2773","097054002",1.20967111024322
"2774","097055001",0.0789954144282454
"2775","097056001",0.622353571691584
"2776","097058001",57.3626011742325
"2777","097058002",1.98742825747803
"2778","097058003",116.769401531074
"2779","097058004",88.6791841135784
"2780","097058005",57.6491678750112
"2781","097058006",14.9938755253962
"2782","097058007",56.480503548984
"2783","097058009",193.599331487796
"2784","097058010",31.8953587317508
"2785","097058011",467.300246559412
"2786","097058012",105.067647334119
"2787","097058013",148.073062442906
"2788","097058014",325.057384649473
"2789","097058015",114.124655756377
"2790","097058016",18.8977842970071
"2791","097058017",27.6178061740689
"2792","097058018",31.9036452092971
"2793","097058019",60.0456854107626
"2794","097060001",0.0355089785953107
"2795","097061001",1938.77295582625
"2796","097061002",1775.84942308363
"2797","097061003",1829.13026844771
"2798","097061004",98.8426150689841
"2799","097061005",163.164260223927
"2800","097061006",857.938134227025
"2801","097061007",2465.68124607955
"2802","097061008",2870.75055087169
"2803","097061009",1208.09162885815
"2804","097061010",746.950020800041
"2805","097061011",3778.15520228314
"2806","097061012",2811.03163145133
"2807","097061013",3639.32066286389
"2808","097061014",2354.36497294047
"2809","097061015",3283.37659869883
"2810","097061016",610.16105661266
"2811","097061017",2349.19317199106
"2812","097061018",900.738065503521
"2813","097061019",1444.96097405515
"2814","097061020",705.778718640948
"2815","097061021",1018.87282667053
"2816","097061022",794.248614150774
"2817","097061023",2038.53427075331
"2818","097062001",1620.60130173836
"2819","097062002",2758.56105555503
"2820","097062003",1511.26384458703
"2821","097062004",2344.2622621462
"2822","097062005",1262.04749625307
"2823","097062006",1464.93886867795
"2824","097062007",2037.83043923101
"2825","097062008/097062009",1864.72311246271
"2826","097062010/097062016",3145.78505856038
"2827","097062011",369.01145342787
"2828","097062012",1743.73886433699
"2829","097062013",896.196780145642
"2830","097062014",723.596189471472
"2831","097062015",2600.62856060613
"2832","097062017",3801.98144697896
"2833","097062018",846.970068949521
"2834","097063001",0.109743930752525
"2835","097063002",13.3298718090042
"2836","097063004",94.2666791077833
"2837","097063005",512.683266084191
"2838","097063006",674.816557794344
"2839","097063007",1107.2484819196
"2840","097063008",1078.76852535953
"2841","097063009",439.698006807728
"2842","097063010",544.990073002699
"2843","097063011",248.39093672073
"2844","097063012",77.2557436955708
"2845","097063013",29.199868745023
"2846","097063014",818.893104416996
"2847","097063015",101.193364709659
"2848","097063016",829.210990166511
"2849","097063017",490.547313404203
"2850","097063018",351.8274362822
"2851","097063021",106.650658496436
"2852","097063022",121.012618216317
"2853","097063023",241.950616334043
"2854","097063024",834.273186778837
"2855","097063025",704.127313223079
"2856","097063026",902.823612876295
"2857","097063027",1310.0463038189
"2858","097063028",1381.33950215969
"2859","097063029",1486.04138094619
"2860","097063030",1461.04907403061
"2861","097063031",1162.38587673648
"2862","097063032",915.852329684341
"2863","097063033",271.483957537363
"2864","097063034",478.631265425623
"2865","097063035",234.890096904868
"2866","097063036",273.572643911979
"2867","097063037",354.341191024481
"2868","097063038",1162.6462281347
"2869","097063039",818.101761522012
"2870","097063040",1234.33926269568
"2871","097063041",953.331195634045
"2872","097063042",764.943000426976
"2873","097063043",519.291264726397
"2874","097063044",405.590413614294
"2875","097063045",449.532729081613
"2876","097063046",38.5730813297182
"2877","097063047",154.321061266955
"2878","097063048",290.452101445731
"2879","097063049",449.879852558747
"2880","097063050",489.49377931993
"2881","097063051",754.875546773292
"2882","097063052",271.931567061268
"2883","097063053",902.611812870342
"2884","097063054",281.346683395656
"2885","097063055",204.81818824123
"2886","097063056/02",20.8445710121323
"2887","097063057",301.709324086719
"2888","097063058",170.696691354558
"2889","097063059",329.10719437899
"2890","097063060",737.636720806097
"2891","097063061",1207.99844981396
"2892","097063062",1337.7185736233
"2893","097065001",7.14122232104565e-05
"2894","097065003/01",94.410594076864
"2895","097065003/02/097065002",3.20244367492181
"2896","097067002",3.64356831756757
"2897","097068001",0.804978596713915
"2898","097068002",46.8737530077838
"2899","097068003",0.720965840011897
"2900","097069001",4.20562340392945
"2901","097069002",0.231280091540244
"2902","097071001",0.384136514585617
"2903","097072001",0.093777656706308
"2904","097072002",3.50935545085605
"2905","097076003",17.9553904761934
"2906","097076004/097076002",0.551870004385722
"2907","097080001",1.97645212536006
"2908","097080002",0.609635614425481
"2909","097081002",0.0402390032818735
"2910","097082001",2.21301751661898
"2911","097082003",70.5060755918914
"2912","097083002",2.44057243713322
"2913","097083003",207.619992636454
"2914","097083005",85.756504068877
"2915","097083006",282.522026714848
"2916","097083007",362.435817441775
"2917","097083008",150.4196034005
"2918","097085001/097085005",8.79224221158505
"2919","097085002",120.812331678451
"2920","097085004",15.7646950589972
"2921","097091001",20.9953264403555
"2922","097091002",130.518510632792
"2923","097091003",94.3895460525254
"2924","097091004/01",0.482258350966345
"2925","097091004/02/228004002",22.2393993162739
"2926","097092001",8.91223562258934
"2927","097092003/097092002",0.32402237790323
"2928","097093001",0.309362397208207
"2929","097096003/01",47.447409455572
"2930","097096003/02/097096001",5.33730047038267
"2931","097097002",0.680548104038242
"2932","097098001/097098003",3.09906403113713
"2933","097098002",0.520704032944047
"2934","097100001",0.0307093387603421
"2935","097100002",0.00179046034654894
"2936","097100003",0.126208461966402
"2937","097101001",112.262576019028
"2938","097101002",27.957982002925
"2939","097101004",39.0932788066606
"2940","097101005",274.813402112911
"2941","097101006",68.3276474825324
"2942","097101007",207.229828933003
"2943","097101008",85.7111595607284
"2944","097101009",8.04189386848575
"2945","097104001",0.0382345585786981
"2946","097107001",2.51911342989584
"2947","097110001",1.46369102277916
"2948","097110002",1.59434298620185
"2949","097110003",0.0656016040456745
"2950","097111001",1.26907850977239
"2951","097111002",75.2192841450136
"2952","097111003",6.72272277001958
"2953","097111004",71.2229957829777
"2954","097111005",51.3822444944851
"2955","127001001",1.93376127491453
"2956","127001002",11.8183022973517
"2957","127001003",393.043884180357
"2958","127001004",329.593580542987
"2959","127001005",22.6202169629431
"2960","127001006",385.657143370721
"2961","127001007",136.541087441106
"2962","127001008",73.3365137130073
"2963","127001009",29.6016877030178
"2964","127001010",220.135428928013
"2965","127001011",25.4344460847636
"2966","127001012",5.99883637947918
"2967","127003002",0.460849704165591
"2968","127003003",1.7038945522476
"2969","127003004",94.000000000004
"2970","127003005",80.5677681634859
"2971","127005001",7.40097369502491
"2972","127005002",290.188162383767
"2973","127005004",64.006089550471
"2974","127005005/127005007",5.2319931834483
"2975","127005008",130.680601612449
"2976","127007001",0.200985055991641
"2977","127007003",54.1330985548944
"2978","127007004",2.34256430571244
"2979","127009001",81.550467782158
"2980","127009002",1.92611745009819
"2981","127010001",81.210095821074
"2982","127010002",0.542815728498251
"2983","127010003",106.356915803093
"2984","127010004",126.158648182982
"2985","127011001",0.0706299466401573
"2986","127011002",0.159246614811602
"2987","127013001",23.0023764623641
"2988","127013002",0.475804974485881
"2989","127013003",25.7538380357901
"2990","127017001",64.8488023952991
"2991","127017002",2.1078138025581
"2992","127017003",0.858513892220552
"2993","127018001",261.269790464267
"2994","127018002",5.90754167166473
"2995","127018003",108.430092964114
"2996","127018004",413.162123826299
"2997","127018005",1630.86528325149
"2998","127018006",630.719573707793
"2999","127018007",663.002722519798
"3000","127018008",1634.42668185023
"3001","127018009",135.546494627336
"3002","127018011",649.264584854443
"3003","127018012",289.875948713747
"3004","127018013",1376.8843799951
"3005","127018014",1418.55537986883
"3006","127018015",1691.53625074226
"3007","127018016",2209.40448893437
"3008","127018017",2682.71378561117
"3009","127018018",2228.89444960188
"3010","127018019",1363.77700661184
"3011","127018020",1901.76406740433
"3012","127018021",2791.27173224513
"3013","127018022",2549.00187345714
"3014","127018023",2618.53662068709
"3015","127018024",2029.19893020068
"3016","127018025",3023.42492135563
"3017","127018026",1442.56932963767
"3018","127018027",3560.95167379423
"3019","127018028/01",248.182652659247
"3020","127018029",1896.0225349758
"3021","127018030",3936.96046437852
"3022","127018031",2451.07005921646
"3023","127018032",2081.30252551028
"3024","127018033",2249.5309777641
"3025","127018034",3401.33535755515
"3026","127018035",2997.63064686244
"3027","127018036",9.31108897935079
"3028","127018037",37.0092004011775
"3029","127018038",19.0306316106327
"3030","127018039",2172.67921834182
"3031","127018040",1516.88386298536
"3032","127018041",1147.69928724279
"3033","127018042",1399.83580262676
"3034","127018043",1664.03369616532
"3035","127018044",318.006751509615
"3036","127018045/01",793.659850981344
"3037","127018045/02",1170.7772936255
"3038","127018046",211.182492637493
"3039","127018047",2388.73764124387
"3040","127018048",2082.21141760451
"3041","127018052",734.244612319904
"3042","127018053",478.999999999981
"3043","127018054",585.239119797629
"3044","127018055",292.531512330525
"3045","127018056",2211.51035311682
"3046","127018057",186.574726241588
"3047","127018058",3202.37314707
"3048","127018059",3466.22126948303
"3049","127018060",3439.14248557367
"3050","127018061",2925.29271940708
"3051","127018062",1896.67557390404
"3052","127018063",4415.25976451477
"3053","127020001/127020003",2.36665828643173
"3054","127020002",60.7852239659875
"3055","127021001",0.0111432460205109
"3056","127021002",0.197069297424128
"3057","127023002",65.1494657530233
"3058","127023003",6.41159208749846
"3059","127026001",4.81525057202414
"3060","127026002",8.82548545360579
"3061","127026003",851.319514239744
"3062","127026004",1275.25800302822
"3063","127026005",2211.53487551807
"3064","127026006",517.015498781178
"3065","127026007",521.138329977573
"3066","127026008",1738.41214602602
"3067","127026009",1345.5021136359
"3068","127026010",1090.31493217614
"3069","127026011",983.456705020772
"3070","127026012",1.23030099611546
"3071","127026013",993.202669290075
"3072","127026014",1137.59236899151
"3073","127026015",2473.28847367665
"3074","127026016/01",343.196577294602
"3075","127026016/02",8.53672908157708
"3076","127026017",411.101233865109
"3077","127026018",1992.48568073817
"3078","127026019",3418.94560236665
"3079","127026020/01",1832.76931572195
"3080","127026020/02",2145.48219606002
"3081","127026021",808.826203548589
"3082","127026022",734.924776144005
"3083","127026023",1042.03804640855
"3084","127026024",500.563825963936
"3085","127026025",617.339114228653
"3086","127026026",719.660090444802
"3087","127026027",426.7869561686
"3088","127026028",1295.96968966753
"3089","127026029",401.533246377044
"3090","127026030",1929.66029172416
"3091","127026031",2830.68047412257
"3092","127026032",3750.88937231987
"3093","127026033",484.8451900537
"3094","127026034",1162.17592650128
"3095","127026035",1628.79924936814
"3096","127026036",3701.2577757919
"3097","127026037",2.76200932855472
"3098","127026038",202.530410603521
"3099","127026039",289.543690675162
"3100","127026040",423.976589323348
"3101","127026041/01",672.729601748784
"3102","127026041/02",184.315170870908
"3103","127026042",304.674293308717
"3104","127026043/01",94.5114117619208
"3105","127026043/02",501.275411398922
"3106","127026044",876.45969353061
"3107","127026045",731.595885708723
"3108","127026046",480.174975692051
"3109","127026047/01",123.922817032913
"3110","127026047/02",406.26368357767
"3111","127026048",264.292405187627
"3112","127027001",835.586862776511
"3113","127027002",27.9775383695871
"3114","127027003",320.009266525382
"3115","127027004/127027005",40.3904413561954
"3116","127027006",430.140691466836
"3117","127027007",350.094266655681
"3118","127027008",441.784189773831
"3119","127027009",396.662945286412
"3120","127027011/02",7.23063874461653
"3121","127027012",3.98615371906461
"3122","127027013",96.2198387603057
"3123","127027014",141.01792276216
"3124","127027015",33.5259265973929
"3125","127030002/02/127030004",3.98809596713847
"3126","127031001/01",60.9815743547566
"3127","127031001/02/127031005",0.846486264279812
"3128","127031002",3.02025115988871
"3129","127031003",1.68995449188059
"3130","127031004",52.4420031046379
"3131","127032001",2.26328846364292
"3132","127032002",0.279206270908336
"3133","127032003",11.3291462963841
"3134","127032004",8.24530231230554
"3135","127033001",0.0685568876120154
"3136","127035002",6.15894335425293
"3137","127036001/01",0.435105314304743
"3138","127036001/02",2.11235582697391
"3139","127036002",43.2577656322094
"3140","127036003",56.9740661457297
"3141","127036004",71.1656622280434
"3142","127036005",36.1830853737339
"3143","127036006",1.04520068137148
"3144","127036007",1.51002708771959
"3145","127037001",3.83880153863618
"3146","127037002",3.43983819698168
"3147","127039001",5.6129662376011
"3148","127039002",0.737404070982042
"3149","127039003",25.0035686053633
"3150","127039004",71.2337490186496
"3151","127039005",51.3504620273523
"3152","127041001",6.54404061305502
"3153","127041002",48.5440767388814
"3154","127041003",46.0349973100588
"3155","127041004",6.42224485653351
"3156","127041005",51.9780438645308
"3157","127041006",164.5506839258
"3158","127041007",165.584354859586
"3159","127041008",65.4910506778558
"3160","127041009",151.045140881419
"3161","127041010",88.0507618616519
"3162","127041011",18.6379931893881
"3163","127041012",96.3734669513356
"3164","127044003",2.87288530747427
"3165","127044005",5.10762388718758
"3166","127044006",41.6785825431059
"3167","127044007",103.999999999982
"3168","127047003",67.5602519825521
"3169","127047004",41.5432995214241
"3170","127048002",0.020214685087801
"3171","127052001",0.634205189014488
"3172","127053001",2.77599169757564
"3173","127054001",0.787841213153967
"3174","127054002",21.1682477080215
"3175","127054003",0.546486044150246
"3176","127054004",52.2536293052537
"3177","127054005",92.9999999999777
"3178","127054006",24.7478599792579
"3179","127056001",0.0136244750904065
"3180","127058002",4.61050943246768
"3181","127058003",0.000368251388674018
"3182","127058004",8.92688623528726
"3183","127058005",31.7178670679602
"3184","127059001",0.42052528891925
"3185","127060002",6.29463316089509
"3186","127060003",0.080354872051693
"3187","127061001",59.1296216682166
"3188","127061002",16.9032559158562
"3189","127061003",35.4476858891119
"3190","127061004",1.21225478561698
"3191","127062001",0.0023818881404039
"3192","127062002",0.0729097283165462
"3193","127063001",0.269007275449709
"3194","127064002",0.00572147438021248
"3195","127066002",4.05619533286294
"3196","127070002",11.533635277162
"3197","127072001/01",0.515450139205021
"3198","127072001/02",6.96774558021163
"3199","127072002",0.0719449490014024
"3200","127073001",0.159278337611903
"3201","127075001",0.517031021763051
"3202","127075002",20.6697714523144
"3203","127078001",0.741954031050735
"3204","127078002",19.1010978224998
"3205","127079001",6.80057565818559
"3206","127079002",45.0132629102346
"3207","127079003",0.222979824698395
"3208","127080001",19.2772372725199
"3209","127080002",0.71544249589153
"3210","127080003",23.7376477342488
"3211","127080004",0.599590817367618
"3212","127080005",90.4434368204523
"3213","127081001",5.7123404488228
"3214","127082001",1.06328551058373
"3215","127082002",2.57947648495023
"3216","127082003",127.49508471499
"3217","127082004",6.48244265385393
"3218","127082005",1.17393837326002
"3219","127084002/127084001",0.430431877560287
"3220","127084003",4.75833443888645
"3221","127084004",90.9506200791965
"3222","127084005",78.7918562550662
"3223","127087001",3.67016540832523
"3224","127087002",0.829672442055211
"3225","127088001",0.0406430039421913
"3226","127090001",0.390589301984267
"3227","127090002",0.446900729733307
"3228","127090003",36.4864363345043
"3229","127090004/127090005",7.06302571582289
"3230","127090006",36.4301991189804
"3231","127094001",57.4813215677577
"3232","127094002",84.3233584498065
"3233","127094004",52.9075115268375
"3234","127094006",0.756441208886808
"3235","127094007",21.8952487949355
"3236","127094008/127094009",1.7286667840432
"3237","127094010/01",14.4682246054793
"3238","127094010/02",0.277438622223184
"3239","127095001",0.132616297287329
"3240","127095002",12.5606939527443
"3241","127097001",0.503384907930913
"3242","127097002",0.736150594915584
"3243","127097003",4.04830990348558
"3244","127099001",0.610537106495887
"3245","127099002",6.16434634300422
"3246","127100001",0.483772834418186
"3247","127100002/01",0.532341467360736
"3248","127100002/02",8.4583897639984
"3249","127103001",1.14116328105475
"3250","127103002",3.69944938826844
"3251","127103003",66.3556837039542
"3252","127105001",33.8967456620473
"3253","127105002",1444.99014038101
"3254","127105003",1062.35696869393
"3255","127105004",1357.99853171926
"3256","127105005",1936.93387500023
"3257","127105007",1718.96799589503
"3258","127105008",1797.57213320297
"3259","127105009",6.24423925176327
"3260","127105010",1536.00538768163
"3261","127105011",905.773387375732
"3262","127105012",958.044190100903
"3263","127105013",739.646253934413
"3264","127105014",1098.23536245289
"3265","127105015",666.532038743452
"3266","127105016",877.402688191467
"3267","127105017",601.09154112592
"3268","127105018",1014.77023270256
"3269","127105019",271.857044807774
"3270","127105020",158.58302526718
"3271","127105021",718.994610237378
"3272","127105022",130.241552721711
"3273","127105023",908.244911968619
"3274","127105024",1370.80295197529
"3275","127105025",622.989981920785
"3276","127105026",389.665306730243
"3277","127105027",2361.19686778324
"3278","127105028",2480.71018653919
"3279","127105029",821.901176156363
"3280","127105030",1262.5919022678
"3281","127105032",1170.58140015714
"3282","127106001",48.2214598267126
"3283","127106002",681.93293144946
"3284","127106003",176.239902258637
"3285","127106004",134.313387684029
"3286","127106005",470.452479104588
"3287","127106006",110.893370789461
"3288","127106007",435.697028253221
"3289","127107001",0.0655705455181149
"3290","127107002",0.0730685376947455
"3291","127108002",0.900804303086253
"3292","127108003",1.0405287514621
"3293","127109002",5.7975345461651
"3294","127115002/02",0.690266800443284
"3295","127115004",2.14542567919472
"3296","127115005",1.26132407185707
"3297","127115008/127115007",34.0473219652571
"3298","127115009",80.9105194153456
"3299","127116001",350.721446757061
"3300","127116004",30.1918191115201
"3301","127116005",46.5134231254767
"3302","127116006",149.624841310241
"3303","127116007",147.10651518598
"3304","127116008",321.083787266964
"3305","127116011",13.4550976591113
"3306","127116012",99.2382253367185
"3307","127116013",74.6993341691499
"3308","127116014",30.6243357424691
"3309","127116015",325.15051184646
"3310","127116016",199.583984025282
"3311","127116017",143.076323166938
"3312","127116018",314.6224730755
"3313","127116019",391.683663352767
"3314","127116020",1.55428267396844
"3315","127116021",40.8055865695955
"3316","127116022",38.3988110479919
"3317","127117001/01",121.129191121439
"3318","127117001/02",0.362272556256679
"3319","127117003",2.92206250210216
"3320","127117004",117.750333648733
"3321","127118001",3.16584564874505
"3322","127118003",57.5163740171355
"3323","127120001",19.7637079566082
"3324","127120002",189.445353820937
"3325","127120003",6.20896139713826
"3326","127120004",169.587283551175
"3327","127120005",18.0796948647064
"3328","127123001/127123006",0.921135965953216
"3329","127123002",42.8618295269105
"3330","127123003",84.4024391804326
"3331","127123004",74.309694961091
"3332","127123005",8.26165468898682
"3333","127125002",22.5830007351566
"3334","127125003/01",0.274100325396435
"3335","127125003/02",12.8104149812675
"3336","127126001",0.757741896372226
"3337","127128001",6.01527820440479
"3338","127130005",2.2571519486374
"3339","127131001",2.71179008111316
"3340","127131002",92.2239817852543
"3341","127131004",23.5492704996207
"3342","127132001",2.12384905872284
"3343","127132002",0.119470386919764
"3344","127133001",0.20171753875138
"3345","127134001",1.16865580432093
"3346","127134002",9.02870911732649
"3347","127134003",8.43030293921246
"3348","127135001",0.0355156329453478
"3349","127135002",10.7687938123761
"3350","128001001",622.880868456584
"3351","128001002",228.94225625919
"3352","128001003",159.837526931647
"3353","128001004",718.493325488628
"3354","128001005",786.176171997565
"3355","128001006/01/128025003",1527.9546757288
"3356","128001006/02",831.6677857861
"3357","128001007",730.013044985326
"3358","128001008",4.82573367881209
"3359","128001010",1156.78870271366
"3360","128001011",1210.81902425088
"3361","128001012",1206.52325049987
"3362","128001013",87.5654006438112
"3363","128001014",3.4438830848241
"3364","128001016",57.0874577214815
"3365","128001017",219.164603476778
"3366","128002001",753.964308845082
"3367","128002002",885.94662365322
"3368","128002003",0.578263824411077
"3369","128002004",1166.85940207025
"3370","128002005",714.813878145165
"3371","128002006",209.370790484436
"3372","128002007",573.317399558479
"3373","128002008",713.960019262158
"3374","128002009",751.302942576493
"3375","128002010",0.101988839097859
"3376","128002011",831.018799479259
"3377","128003001",970.054316225574
"3378","128003002",1203.03670959062
"3379","128003003",1218.41745923857
"3380","128004001",1065.04903594612
"3381","128004002",1110.05038763094
"3382","128004003",3154.98195670822
"3383","128004004",1205.44418360351
"3384","128004005",3493.56206236115
"3385","128004006",1019.26119920447
"3386","128004007",1102.43261280054
"3387","128005001",1731.04832798694
"3388","128005002",451.559284632986
"3389","128005003",4767.13726363824
"3390","128005004",331.273617345537
"3391","128005005",3974.15721564915
"3392","128005006",5034.44227882313
"3393","128005007",1081.51591511377
"3394","128005008",1264.41919921895
"3395","128005009",2781.65727494601
"3396","128005010",2.76783058206585
"3397","128005011",14.9062248385168
"3398","128006001",1091.11348031876
"3399","128006002",769.182972387578
"3400","128006003",4321.85578075039
"3401","128006004",2154.60701675098
"3402","128006005",4003.92451742502
"3403","128006006",1984.53855368103
"3404","128007001",1694.68194652119
"3405","128007002",3682.95084646467
"3406","128007003",2847.97474204253
"3407","128007004",2394.82173375994
"3408","128007005",1946.81377531961
"3409","128007006",1302.54402352645
"3410","128007007",1060.66400288459
"3411","128007008",2526.69537316857
"3412","128007009",3022.14621832223
"3413","128007010",2597.25207597159
"3414","128007012",3054.97762472787
"3415","128007013",2532.73576094146
"3416","128008001",2593.37994103331
"3417","128008002",3465.42174418922
"3418","128008003",2257.38477387327
"3419","128008004",3520.26335431432
"3420","128008005",3292.69085326637
"3421","128009001",4835.9377669387
"3422","128009002",3729.61614369573
"3423","128009003/128009001",4394.22962529453
"3424","128010001",1524.12558772014
"3425","128010002",299.338539173789
"3426","128010003",3074.66331847863
"3427","128010004",1597.35232772874
"3428","128010005",2971.41761031207
"3429","128011001",164.785178673633
"3430","128011004",1405.92899815219
"3431","128011005",966.4453023812
"3432","128011006",830.629333376127
"3433","128011007",514.22699023292
"3434","128011008",1.35977238154515
"3435","128012001",1621.99368356495
"3436","128012002",1576.15961962591
"3437","128012003",1466.67963869603
"3438","128012004",1390.96736852805
"3439","128012005",1104.0389667769
"3440","128012006",1260.99763866146
"3441","128012007",1352.10010779754
"3442","128012008",1360.12579971151
"3443","128013001",6350.39617572201
"3444","128013002",3257.5501771668
"3445","128013003/01",5220.35135376231
"3446","128013003/02",7105.34342609608
"3447","128014001",3657.39807138513
"3448","128014002",2718.31706606933
"3449","128014003",3993.98462275927
"3450","128014004",3094.42044117046
"3451","128014005/128014006",5196.45559970388
"3452","128014007",3714.91460707006
"3453","128014008",3501.32758783726
"3454","128014009",5935.93733145447
"3455","128014010",5085.1656261823
"3456","128014011",2081.06596773086
"3457","128015001",5968.45682271533
"3458","128015002",8860.26754603355
"3459","128015003",5476.5854788231
"3460","128015004",8611.90069036982
"3461","128015005",7112.30778796974
"3462","128016001",4246.03916908147
"3463","128016002",3865.0091688783
"3464","128016003",4190.5908610999
"3465","128016004",3674.53892657324
"3466","128016005",3977.3954178452
"3467","128017001",2405.08484716274
"3468","128017002",417.126938093915
"3469","128017003",373.095473347628
"3470","128018001",3205.76587533396
"3471","128018002",1952.2159630733
"3472","128018003",1958.42074058512
"3473","128018004",1882.57302712365
"3474","128019001",1156.86467868254
"3475","128019002",1978.50097506327
"3476","128019003",627.681977116399
"3477","128019004",1207.62628517073
"3478","128019005",1229.87590556449
"3479","128019006",934.010304408888
"3480","128020001",2292.1932029535
"3481","128020002",2224.44943554973
"3482","128020003",2504.72509730997
"3483","128020004",1236.54978376123
"3484","128021001",3865.6867438582
"3485","128021002",9359.2601168367
"3486","128021003",9449.60933500279
"3487","128022001",3593.63048336072
"3488","128022002",3673.46372928329
"3489","128022003",3759.43855233254
"3490","128022004",3046.55804741693
"3491","128022005",2733.93388239381
"3492","128023001",1454.04649575733
"3493","128023002",3503.71673435675
"3494","128024001",537.843067214191
"3495","128024002",547.71911700668
"3496","128024004",1058.73263521846
"3497","128024005/128024003",434.589224195697
"3498","128025001",1030.49010873575
"3499","128025002",1621.13813914731
"3500","128025004",3421.14833876434
"3501","128025005",2393.39361846353
"3502","128026001",1754.65072967791
"3503","128026002",2013.1277645666
"3504","128027001",817.412458740709
"3505","128027002",3115.76339915288
"3506","128027003",4045.39166988855
"3507","128027004",4393.18686002852
"3508","128027005",3933.1413369838
"3509","128027006",3893.1925982864
"3510","128028001",3378.61455165365
"3511","128028002",3424.10835003716
"3512","128028003",3119.89723938168
"3513","128028004",2715.43247316414
"3514","128029001",5144.07872287845
"3515","128029002",5862.91257810492
"3516","128029003",5259.29591083452
"3517","128029004",8534.73193340394
"3518","128029005",5626.09522022385
"3519","128029006",7483.85410049491
"3520","128029007",7940.06291428543
"3521","128029008",4336.15513795318
"3522","128029009",6859.50591975876
"3523","128030001",2403.16851937274
"3524","128030002",6820.56275232127
"3525","128030003",3246.96678413564
"3526","128030004",2087.21236943567
"3527","128030005",1643.07412045683
"3528","128031001",3274.93865789723
"3529","128031002",1167.92929340751
"3530","128031003",1951.22336319533
"3531","128031004",3599.81032616852
"3532","128032001",3425.65766805302
"3533","128032002",3422.31001931761
"3534","128032003",3372.13306936909
"3535","128032004",3085.12226126122
"3536","128032005",2178.98558041465
"3537","128032006",1102.16079590462
"3538","128032007",2144.06743949761
"3539","128033001",7597.01319554312
"3540","128033002",6502.27064445787
"3541","128033003/01",9969.81313346711
"3542","128033003/02",9759.03730639736
"3543","128033003/03",9709.9391185271
"3544","128033004",7827.44405661046
"3545","128034001",12922.1660853752
"3546","128034002",9805.17523898303
"3547","128034003",12728.3396685348
"3548","128034004",11683.9138175626
"3549","128034005/128034006",12892.3890862156
"3550","128035001",1037.45978933631
"3551","128035002",1699.96421367659
"3552","128035003",4075.20022072461
"3553","128035004",3626.13978261393
"3554","128035005",4115.24748642077
"3555","128035006",3486.76185774418
"3556","128036001",1044.04693327957
"3557","128036002",881.089320596299
"3558","128036003",1127.69230447952
"3559","128036004",1866.20437736753
"3560","128036005",2235.24721918595
"3561","128036006",1460.77783468477
"3562","128036007",1212.24524453689
"3563","128036008",527.965934252899
"3564","128036009",3691.51152906209
"3565","128036010",3175.83074000035
"3566","128036011",1879.54467646346
"3567","128036012",1464.04391570579
"3568","128036013",1308.26053319557
"3569","128036014",376.727767664757
"3570","128037001",1177.75656673598
"3571","128037002",2841.40366576571
"3572","128037003",4235.94237382574
"3573","217001001",30.5408475491255
"3574","217001002",0.465720057996629
"3575","217005001",4.54128381339199
"3576","217005002",0.0762733039858492
"3577","217006001",0.434747958287159
"3578","217006002",43.7768372396545
"3579","217006003",14.0788114046382
"3580","217006005",44.8568654883594
"3581","217007001",0.143937875179233
"3582","217007002",4.72757572339973
"3583","217009005",0.19036800229647
"3584","217009006",35.8308170387018
"3585","217009007",14.7900920668852
"3586","217009008",72.5542565237172
"3587","217009009",0.165333496197823
"3588","217009010",2.85222392865742
"3589","217010001",34.660865821215
"3590","217010002",1.43512127223919
"3591","217011001",1.04208505637305
"3592","217013001",0.836323457822906
"3593","217013002",1.18355330783914
"3594","217015001",0.36256416309261
"3595","217015002",2.82858750525826
"3596","217015003",4.03427345486677
"3597","217018001",96.060861476148
"3598","217018002/01/217018003",3.94568328671307
"3599","217018002/02",123.967124989971
"3600","217021001",3.13999155402208
"3601","217022002",0.0939053373012981
"3602","217024001",1.00718824464314
"3603","217024003",57.9319129267715
"3604","217024004/217024001",0.375310490890164
"3605","217026001",1.80877031147213
"3606","217026002",1.82165726529817
"3607","217026003",2.85449960018528
"3608","217026004",87.8313924068865
"3609","217027001",0.494652390327748
"3610","217027002",24.0907690496587
"3611","217029001",2.45908792313245
"3612","217030001",0.148710241946404
"3613","217030002",0.429456647124466
"3614","217030003",46.4218937845496
"3615","217030004",46.0050496075354
"3616","217030005",26.1606054344151
"3617","217031001",0.573597029278687
"3618","217031002",12.9734495606994
"3619","217031003",7.1665064297416
"3620","217031004",0.445893528749064
"3621","217031005",23.9999999999749
"3622","217035001/217035003",0.646724898054121
"3623","217035002",20.2961632135382
"3624","217038001",232.017188537565
"3625","217038002",203.194443922274
"3626","217038003",152.383050839258
"3627","217038004",1.80795880388357
"3628","217038005",54.9751433514748
"3629","217039001",1.02825682797932
"3630","217039002",76.7450657979874
"3631","217039003",33.1359115244761
"3632","217041001",474.000000000166
"3633","217041002",363.039635580149
"3634","217041003",450.326160313902
"3635","217041004/01",473.999999999605
"3636","217041004/02",147.685206687081
"3637","217041005",95.8742128293956
"3638","217041006",267.733384088504
"3639","217041007",325.682306066847
"3640","217041008",261.000000000034
"3641","217041009",55.6794503736161
"3642","217041010",49.476517305011
"3643","217041011",141.362507662427
"3644","217041012",56.0380488855589
"3645","217041013",349.709235876356
"3646","217041014",91.3166806567364
"3647","217041015",410.060056511504
"3648","217041016",13.4594303448014
"3649","217041017",277.538714318503
"3650","217041018",193.862736085653
"3651","217041019",34.3649980890451
"3652","217042002/01",6.59867535352979
"3653","217042003",25.6771348985126
"3654","217042004",21.2703720906492
"3655","217042005",3.92479551339893
"3656","217045002",0.0450262377920855
"3657","217045004",35.6205021301109
"3658","217045005",35.9999999999897
"3659","217045006",7.4298336164907
"3660","217045007",4.90979590841738
"3661","217045008",0.561487128344545
"3662","217045010",0.00466826111902147
"3663","217046001",91.5603156277971
"3664","217046002",95.6666848235278
"3665","217046003",157.437470368979
"3666","217046004",41.8845266270201
"3667","217046005",55.0118357462389
"3668","217046006",35.99343050168
"3669","217046007",3.26208103051857
"3670","217046008",32.3145918023177
"3671","217046009",71.395082512097
"3672","217046010",173.159199502263
"3673","217047001/217047005",0.532672609402025
"3674","217047003/217047004/217047002/217047006",34.4984531075576
"3675","217047004/217047003/217047005",0.696401429693381
"3676","217047005/217047001/217047003/217047004/217047002/217047006",39.3633099972631
"3677","217047006/217047002",0.236476105790041
"3678","217048001/01",0.000514889875418087
"3679","217048001/02",10.3333945758892
"3680","217048003",0.580622627570539
"3681","217048004",28.5078011464637
"3682","217048005",26.504656714337
"3683","217050001",1.51826015259778
"3684","217050002",4.45901261758945
"3685","217050003",85.3158327904802
"3686","217050004",28.8040830850711
"3687","217055001",23.5402289531189
"3688","217055002",153.046339097865
"3689","217055003",5.6855667650017
"3690","217055005",94.2124772997803
"3691","217055006",59.3651307225273
"3692","217055007",9.43374457729736
"3693","217055008",839.185639255958
"3694","217055009",1183.88467431666
"3695","217055010",686.060181662913
"3696","217055011",974.679147100066
"3697","217055012",329.005313364596
"3698","217055013",229.070069375965
"3699","217055014",508.100600916182
"3700","217055015",286.059493108999
"3701","217055016",306.877981357055
"3702","217055017",128.35745105661
"3703","217055018",792.037440415314
"3704","217055019",461.806251886377
"3705","217055020",498.737969236476
"3706","217055021",455.265739466299
"3707","217056001",694.856963017812
"3708","217056002",643.924006594522
"3709","217056003",516.128555603941
"3710","217056004",604.190004816995
"3711","217056005",639.806151891721
"3712","217056006",539.849661440785
"3713","217056007",704.937859150544
"3714","217056008",1060.86228833057
"3715","217056009",1095.27118719436
"3716","217056010",1601.76152997249
"3717","217056011",833.201486204207
"3718","217056012",1188.9785091481
"3719","217056013",1431.11324523669
"3720","217056014",1369.25390030793
"3721","217056015",1331.1076154251
"3722","217056016",1711.75764887584
"3723","217056017",120.923069924359
"3724","217056018",112.000000000046
"3725","217056019",310.64018708461
"3726","217056020",377.85667212887
"3727","217056021",389.804546341652
"3728","217056022",503.63887093804
"3729","217056023",1052.49597269516
"3730","217056024",634.487324031834
"3731","217056025",739.357035027776
"3732","217056026",415.534325454686
"3733","217059002",0.00980477621885865
"3734","217068001",0.893548217431147
"3735","217068002",1.57462464249129
"3736","217070001",0.290608212220811
"3737","217070002",2.25368487818844
"3738","217070003",1.80772094243432
"3739","217073001",23.3787290716157
"3740","217073002",0.2808497140016
"3741","217074001",0.35568674031226
"3742","217074002",0.0516086275071442
"3743","217076001",1.71211297949374
"3744","217077001",0.241491126078459
"3745","217077002",13.6911678672233
"3746","217077003",12.1373086429303
"3747","217078001",1.91553915991871
"3748","217078002",4.36315602968331
"3749","217079001",0.037819610425767
"3750","217080001",0.870897579517707
"3751","217081001",15.5064143103974
"3752","217081003/217081002",0.657249430324756
"3753","217082001",0.106556598912181
"3754","217087001",0.245317384755715
"3755","217087003",4.91170914832447
"3756","217088001",0.813659281171735
"3757","217089001",111.459218283265
"3758","217089003/01",35.7172923706285
"3759","217089003/02/217089006",5.12268300086029
"3760","217089004",95.4989089297211
"3761","217089005",51.5363193404904
"3762","217089007",693.70960288936
"3763","217089008",517.258183948724
"3764","217089009",572.589678951029
"3765","217089010",441.925181310541
"3766","217089011",326.841478167555
"3767","217089012",62.7459602446432
"3768","217090001",0.607114898094205
"3769","217090002",2.08154037908968
"3770","217090003",1.51201702740714
"3771","217092001",0.136744862104444
"3772","217093001",56.6951814749632
"3773","217093002",65.5090423712487
"3774","217093004",98.1513852366433
"3775","217093006",0.705497559052545
"3776","217093008",145.888118169823
"3777","217093009/217093007",48.3723020859422
"3778","217094001",0.193509957766985
"3779","217096002",1.72161053516078
"3780","217097001",0.351276930246655
"3781","217097002",1.6343195981468
"3782","217103001",5.80205828656725
"3783","217103002",51.7233970630033
"3784","217103003",62.1229795751952
"3785","217103004",1.85712011581479
"3786","217103005",25.3997734198448
"3787","217103006",1.24681634639934
"3788","217105001",32.2970402463989
"3789","217105002",0.308618727963759
"3790","217108001",0.241461017826775
"3791","217110002",1.53625554648954
"3792","217110003",48.217791675566
"3793","217110004",1.09868580775343
"3794","217112001/01/217099001/217112002/217112003/217112005/217112001/217112004",0.0610688912958523
"3795","217112002/01",212.61119381339
"3796","217112003/01",89.0665370625413
"3797","217112004/01",67.0410471628238
"3798","217112005/01",5.21402942808793
"3799","217115001",0.921631902573031
"3800","217115002",41.5499308332303
"3801","217115003",0.392788279416769
"3802","217116001",1.00063503360239
"3803","217116002",0.70023590919354
"3804","217118001",1.40184152214302
"3805","217118002",78.9469360363561
"3806","217118003",90.8283991340534
"3807","217120001",11.4501954493229
"3808","217120002",0.870830361364283
"3809","217120003",36.0000000000301
"3810","217121001",1.0717234839342
"3811","217121002/01",0.649680911513785
"3812","217121002/02",85.3188517110549
"3813","217121002/03/217121004",82.0856316767591
"3814","217121003",2.01253956808294
"3815","217122001",0.263112697955625
"3816","217123002",3.15217963873318
"3817","217124001",0.808362918643136
"3818","217125002",8.45977093617004
"3819","217129001",1.77156649427999
"3820","217129002",63.439119798851
"3821","217129004",1.25600594385854
"3822","217130001",65.8672558836068
"3823","217130002",15.8918385659959
"3824","217130003",0.584335201000841
"3825","217130005",31.5122257089324
"3826","217130006",13.3708000850941
"3827","217132001",3.77422188846163
"3828","217133002",2.0193586729166
"3829","217135001/217135006",0.647576401285823
"3830","217135004",0.155887668006636
"3831","217135005",3.70965173399763
"3832","217136001",472.148094330419
"3833","217136002",68.8559264525483
"3834","217136003",117.280956564956
"3835","217136004",87.9859151983676
"3836","217136005",22.3611748136432
"3837","217136006",42.6194371474544
"3838","217136007",102.089634858312
"3839","217136008",48.3467058657298
"3840","217136009",458.558858969752
"3841","217136010",512.988939724026
"3842","217136011/01/217136011/217136012",44.2828167207652
"3843","217136011/02",45.0000000000051
"3844","217136013",86.0172346097526
"3845","217136014",288.350809347851
"3846","217136015",0.0238487434608349
"3847","217136016",3.58602656435125
"3848","217136017",7.16028509531734
"3849","217136018",127.167966978953
"3850","217136019",152.009841002851
"3851","217136020",99.0011315650583
"3852","217136021",136.065350640815
"3853","217136022",64.9865956243087
"3854","217136023/01",348.684610033538
"3855","217136023/02",83.4501078142122
"3856","217137001",2.92416314009689
"3857","217137002",4.07867334615354
"3858","217139001/217139002",75.5428803173876
"3859","217139004",6.24555453896562
"3860","217139005",20.1434614601798
"3861","217139007/217139002/217139005",1.40613560022538
"3862","217139008",94.9938300316716
"3863","217139009",52.3624541320258
"3864","217139010",103.221438462125
"3865","217139011/217139006/217139002",14.6611835610665
"3866","217141002",1.0860836170925
"3867","217143001",0.0220379877549883
"3868","217143003",1.05210711383292
"3869","217143005",4.5836298933166
"3870","217144001",0.236311923579363
"3871","217145002",0.227758368962353
"3872","217152001",258.144677030747
"3873","217152002",1.03515548211028
"3874","217152004",1.30105251422777
"3875","217152005",395.035641843184
"3876","217152008",5.50516357992045
"3877","217152010",65.9999999999761
"3878","217152011",4.68630887434443
"3879","217152013/217152012",35.7233438143363
"3880","217152015",216.49503166756
"3881","217152016",1.03289853414578
"3882","217152017",133.988402930479
"3883","217152018",24.2678530983908
"3884","217152019",51.9999999999899
"3885","217152020",51.9999999999902
"3886","217152021",98.3276822440436
"3887","217152022/217152006",135.643129799142
"3888","217152023",452.858233529528
"3889","217152024",28.7131674856109
"3890","217152025",50.7487167443203
"3891","217152026",104.815771351602
"3892","217154001",10.830740475546
"3893","217156001",32.3643257228132
"3894","217156002",10.2276673529643
"3895","217156003",11.1906497353651
"3896","217156004",0.0408229707472478
"3897","217156005",18.4389152722495
"3898","217156006",108.004310407734
"3899","217156007/01",88.4976795847305
"3900","217156008",0.545868988379774
"3901","217158002",0.388275319326956
"3902","217158003",15.362607543057
"3903","217159001",0.868288351778451
"3904","217159002",1.88273459367207
"3905","217159003",2.62614748567393
"3906","217160001",3.16353275086308
"3907","217161001",73.4928893626177
"3908","217161003",0.388445532761088
"3909","217161004",17.1640274875039
"3910","217162002",494.536381526537
"3911","217162003",522.998691833169
"3912","217162005",23.9014524212356
"3913","217162006",24.1170206889734
"3914","217162007",40.0000000000966
"3915","217162009",19.3539483401858
"3916","217162010",428.18092198821
"3917","217162011",514.411795777424
"3918","217162013",318.664565475067
"3919","217162014",648.231293378738
"3920","217162015",533.090104596039
"3921","217162016",455.636261874807
"3922","217162017",200.476661687202
"3923","217162018",685.915261843141
"3924","217162019",748.220414105053
"3925","217162020",9.58510311840577
"3926","217162022",488.799067712298
"3927","217162023",501.230291265845
"3928","217162024",475.766254377997
"3929","217162025",634.525694043133
"3930","217162026",530.761384348706
"3931","217162028",15.5749820418643
"3932","217162029",699.877990404429
"3933","217162030",65.6097516400784
"3934","217162031",148.524357608981
"3935","217162032",7.23899479255535
"3936","217164001",84.7628993636801
"3937","217164002",89.1252769438666
"3938","217164007",71.6663557157733
"3939","217164008",36.4423106099295
"3940","217164009",254.754173081139
"3941","217164010",32.70023696546
"3942","217164011",217.251588344283
"3943","217164012",14.6718761685745
"3944","217165001",29.7848847863778
"3945","217165002",0.632499124736884
"3946","217165004",43.2257719827251
"3947","217166001",59.9206606528914
"3948","217166002",232.410291502695
"3949","217166003",270.457412587412
"3950","217166004",48.000000000039
"3951","217166005",48.0000000000141
"3952","217166006",180.569821750794
"3953","217166007",212.987443166642
"3954","217166008",201.521245075853
"3955","217166009",44.0277201437909
"3956","217166010",106.599128858004
"3957","217166011",233.557174282494
"3958","217168001",4.82031627630085
"3959","217168003",0.731695646493873
"3960","217171001/01",63.999999999986
"3961","217171001/02",12.0574936929596
"3962","217171002",0.62111234099389
"3963","217172001",0.700524439495794
"3964","217174001",1.14340656804628
"3965","217174002",5.25835335751626
"3966","217174003",83.0823012280747
"3967","217175001",20.3559111174794
"3968","217175002",35.8025775639886
"3969","217175003",13.6582977921241
"3970","217175004",27.7785177610394
"3971","217176001",545.305131655657
"3972","217176002",1444.14452296472
"3973","217176003",1308.63135439736
"3974","217176004",1829.98872507163
"3975","217176005",1597.5419792279
"3976","217176006",492.399201517934
"3977","217176007",155.425391849979
"3978","217176008",575.361221946398
"3979","217176009",1808.71260652362
"3980","217176010",1174.73431628466
"3981","217176011",930.29374683215
"3982","217176012",934.529128199347
"3983","217176013",1306.41508050892
"3984","217176014",1508.07367601213
"3985","217176015",1073.70735878603
"3986","217176016",1712.14018562238
"3987","217176017",1406.56375937547
"3988","217176018",1417.7794350671
"3989","217177001",79.4852693400625
"3990","217177002",14.2029513231223
"3991","217177003",36.1762546688254
"3992","217177004",412.914377458506
"3993","217177005",20.7198690959032
"3994","217177006",42.5041931275022
"3995","217177007",95.580347226991
"3996","217177008",435.058899598139
"3997","217177009",276.82635058001
"3998","217177010",107.852260182989
"3999","217177011",25.0174273720389
"4000","217177012",83.2599380103153
"4001","217177014",35.5281441181021
"4002","227001002/227001004",4.45438558226112
"4003","227001003",102.74846686829
"4004","227001005",3.9572454696687
"4005","227002001",3.60407298799852
"4006","227003001/227003005",4.86048700546074
"4007","227003003",8.47046527808464
"4008","227003004/227003002",64.9788681135375
"4009","227003006",161.516796372657
"4010","227004001",0.313629091396575
"4011","227006001",0.930728610858506
"4012","227007001",74.7236253470907
"4013","227007002",1.04167814537516
"4014","227010001",1.73377374784923
"4015","227010002",3.98878307138656
"4016","227011001",3.56314855670082
"4017","227011002/227011003",3.74622954228996
"4018","227012001",0.903500384020191
"4019","227017002",269.308532922382
"4020","227017003",154.015877480908
"4021","227017007/227017001/227017004",1.31089374912444
"4022","227021001",0.182025454822089
"4023","227022002/01",3.12486797508373
"4024","227022002/02",69.4567583679753
"4025","227024002/227024006",167.510105501695
"4026","227024003",55.925165041818
"4027","227024004/227024005",0.475325571361508
"4028","227024006/227024005",2.06466143286409
"4029","227024008/227024006",58.6084870916002
"4030","227024009/227024006",167.493010015791
"4031","227026001",2.14535446372529
"4032","227026002",126.780855756848
"4033","227028001",59.0035053304351
"4034","227028002",2.96550202860791
"4035","227028003",51.9336130016088
"4036","227029001",0.211385238791863
"4037","227030001",53.6172276662789
"4038","227031001",0.476901302703564
"4039","227032001",391.267630170554
"4040","227032002",188.774760583434
"4041","227032004",63.5696075740657
"4042","227032006",618.764579039737
"4043","227032007",94.0496135511661
"4044","227032008",73.3444937786271
"4045","227032009",229.846567661807
"4046","227032010/01",40.6255547841794
"4047","227032010/02",34.8411329747481
"4048","227032011",129.266116197447
"4049","227032014",64.7574601386473
"4050","227032015",14.8678095161385
"4051","227032016",180.144296487919
"4052","227032017",192.411067248487
"4053","227032018/227032019",617.532096046994
"4054","227033003/02",132.91929918271
"4055","227033005",185.723753387014
"4056","227033006",269.968508922096
"4057","227033007",110.16472668527
"4058","227033008",46.0231960276817
"4059","227034001",1.07838607427371
"4060","227034002",8.32108300673044
"4061","227034006",165.454137876138
"4062","227035001",0.667361341415407
"4063","227036001",0.394902889277073
"4064","227036004",29.3117158824191
"4065","227036005",24.2359053522327
"4066","227036006",7.2791349543054
"4067","227040001",1.22048689650787
"4068","227040002",90.2902218770877
"4069","227044001",0.454793229821881
"4070","227045001",1.1811048674674
"4071","227045002",54.4544903738393
"4072","227047001",9.20530013758274
"4073","227048001",0.821516782835914
"4074","227049001",1.36271993002882
"4075","227049003",24.8492908881418
"4076","227049004",246.915251534213
"4077","227049005",8.47776109180864
"4078","227049006",239.031134456366
"4079","227049007",987.246461458653
"4080","227049008",892.75701410641
"4081","227050001",0.564146142658256
"4082","227051001",111.259438951496
"4083","227052001",84.5154662921648
"4084","227052002",3.06321075637109
"4085","227054001/227054002",271.604018564545
"4086","227054003",1.71775942385287
"4087","227054004",330.772528264892
"4088","227054005",494.03625063739
"4089","227054006",2.23356828458485
"4090","227054007",71.9662730293468
"4091","227054008/227054009",244.77686524792
"4092","227055001",35.4968139674661
"4093","227057001",0.0736213249504497
"4094","227057002",5.48299956192409
"4095","227058001/01",0.85114584153811
"4096","227058001/02",1.45815645739586
"4097","227058002",0.955052201332195
"4098","227058003",55.2058816870914
"4099","227058004",70.5812798004099
"4100","227058005",10.4902923022542
"4101","227059001",5.77311200194841
"4102","227059002",24.337779921522
"4103","227060001",36.2404292944294
"4104","227060002",1.71970662440131
"4105","227064001",0.54623132117301
"4106","227064002",7.96739271841307
"4107","227066001/227066003",3.80243545158712
"4108","227066002",3.62207545957504
"4109","227067001/227067003/227067004",3.25932588591866
"4110","227067004",70.2767151419733
"4111","227067006/227067004/227067002",14.3385149386331
"4112","227072002",0.0433530119078047
"4113","227074002",0.0128067117468609
"4114","227075002",0.782848958350185
"4115","227077001",219.816529284318
"4116","227077002",271.400049823549
"4117","227077003",262.338757262774
"4118","227077004",113.984490789177
"4119","227077005",1.39240082711052
"4120","227077006",21.8819778829941
"4121","227079001",2.85177307882536
"4122","227079002/227079006",7.2546587262642
"4123","227079003",161.527784485524
"4124","227079004",257.764736215893
"4125","227079005",357.755874840361
"4126","227080002",0.150807194304905
"4127","227080003",128.734245802149
"4128","227080004",7.9336963693534
"4129","227081001",4.23982025533164
"4130","227081002/227081006",72.3973537614441
"4131","227081003",77.1751460647035
"4132","227081004",13.8123138349167
"4133","227081005",9.87101455461744
"4134","227083001",3.40393503732792
"4135","227083002",0.730200854917555
"4136","227084002",8.80276961202737
"4137","227084003",0.023155393452081
"4138","227085001",87.6665278110329
"4139","227085003",85.9352706353904
"4140","227085004",2.09304757325249
"4141","227086001",1.79774547745196
"4142","227086002",208.321015876585
"4143","227086003",179.975241826766
"4144","227086004",163.650172017843
"4145","227086005",43.8226017942147
"4146","227089001",267.930085190098
"4147","227089002",72.3584864781938
"4148","227089003",279.999999999936
"4149","227089004",205.589201103953
"4150","227090001/227090036",600.049470145621
"4151","227090002",1406.97626381689
"4152","227090003",1539.81626910046
"4153","227090004",1157.8509865669
"4154","227090005",1061.49277780146
"4155","227090006",1300.42991201209
"4156","227090007",1023.36769613887
"4157","227090008",1674.94080156712
"4158","227090009",1565.35412553227
"4159","227090010",973.263763222733
"4160","227090011",1189.77280063424
"4161","227090012",408.480569012824
"4162","227090013",1414.28005267936
"4163","227090014",1047.20984311895
"4164","227090015",18.2645646403841
"4165","227090016",2067.58127605654
"4166","227090017",2319.54667285204
"4167","227090018",1778.21841518295
"4168","227090019",1935.44452749603
"4169","227090020",1547.19927812719
"4170","227090021",990.832204828328
"4171","227090022",1271.20859880224
"4172","227090023",955.407808337601
"4173","227090024/227090025",1513.93521471245
"4174","227090026",396.758129887427
"4175","227090027",12.6600893198696
"4176","227090028",1043.60826362733
"4177","227090029",2059.26479653353
"4178","227090030",1601.04235019231
"4179","227090031",1483.44937258456
"4180","227090032",1204.42887497114
"4181","227090033",1647.7081764822
"4182","227090034",1753.00221797255
"4183","227090035",477.152192053988
"4184","227090037",1036.58806005
"4185","227090038",1119.78919147966
"4186","227090039",1432.63909648468
"4187","227091001",3.8918451910287
"4188","227092002",11.8069687201232
"4189","227092003",2.95384244910833
"4190","228001001",3197.01679013735
"4191","228001002",3284.14954085176
"4192","228001003",1245.16846931302
"4193","228001004",1702.1787024123
"4194","228001005",2501.4764137484
"4195","228001006",1349.75093487652
"4196","228001007",426.247410851564
"4197","228001008",727.491937104773
"4198","228001009",730.595785820289
"4199","228002001/228006001",305.07328188631
"4200","228003001",4482.14724424691
"4201","228004001",486.65609195712
"4202","228004003",1088.991883183
"4203","228004004",674.790420633194
"4204","228005001",795.826623313156
"4205","228005002",1155.07743031298
"4206","228005003",284.474646062691
"4207","228005004",697.900616799541
"4208","228005006",71.8519410879473
"4209","228007001",173.847949026608
"4210","228007002",442.704807747656
"4211","228007003",611.999999999854
"4212","228007004",392.098886635207
"4213","228007005",488.34519752746
"4214","228007006",487.867007204332
"4215","228007007",526.237567457334
"4216","228007008",579.386989866285
"4217","228007009",308.401352091016
"4218","228007010",851.646145443326
"4219","228007011",624.491580013902
"4220","228007012",907.838282840011
"4221","228007013",1016.66148705453
"4222","228007014",403.676856481128
"4223","228007015",533.257463047683
"4224","228007016",293.702045950284
"4225","228007017",817.432736267964
"4226","228007018",1119.8550269703
"4227","228007019",1482.0533665177
"4228","228007020",477.444432534573
"4229","228007021",859.328640415423
"4230","228008001",3560.68995238197
"4231","228008002/097058007",706.610433747779
"4232","228008003/228008004",3246.39883951314
"4233","228008005",4158.64759323
"4234","228009001",6772.44083888014
"4235","228009002",6381.23516530546
"4236","228009003",8264.71044511577
"4237","228009004",7691.77063165956
"4238","228009005",7212.6845232747
"4239","228010001/228010002",8864.20524418942
"4240","228011001",1569.36756123162
"4241","228011002",1494.8831756551
"4242","228011003",1003.15741614773
"4243","228011004",498.821662705284
"4244","228011005",794.352418632538
"4245","228011006",1260.47864608188
"4246","228011007",1364.75345314972
"4247","228011008",1224.5338667807
"4248","228011009",1345.46657766478
"4249","228012001",7888.23892689956
"4250","228012002",9384.16024921557
"4251","228012003",10633.4678521444
"4252","228013001/228013002",8041.78046445609
"4253","228014001",303.630627699071
"4254","228014002",676.833510480352
"4255","228014003",1206.38862396565
"4256","228014004",1225.41767890006
"4257","228014005",387.416586644528
"4258","228014006",110.741853254452
"4259","228014007",18.6271622798457
"4260","228014008",43.9829683403013
"4261","228014009",272.300650956547
"4262","228014010",1210.31944589732
"4263","228014011",1519.31846602209
"4264","228014012",845.631180008965
"4265","228014013",703.31779425085
"4266","228014014",11.4847389636406
"4267","228014015",67.1378850699577
"4268","228014016",67.1963889047678
"4269","228014017",643.026681194265
"4270","228014018",1449.41605928461
"4271","228014019",1147.16278003115
"4272","228014020/01",1397.68522201436
"4273","228014020/02",910.525049545443
"4274","228014021",1043.97754202295
"4275","228015001",377.120579088143
"4276","228015002",455.844722773362
"4277","228015003",570.189372290655
"4278","228015004",1530.894302127
"4279","228016001",84.4830951230013
"4280","228016002/01",74.0447063628693
"4281","228016002/02",23.0109705931792
"4282","228016003",604.111698384097
"4283","228016004",490.998348596468
"4284","228017001",33.1830870536914
"4285","228017002",611.398570138312
"4286","228017003",412.130144875379
"4287","228017004",708.751003767899
"4288","228017005",614.104976397971
"4289","228017006",662.253334995902
"4290","228017007",921.292854627216
"4291","228017008",55.7911807085929
"4292","228017009",75.5774937718448
"4293","228017010",270.292884768184
"4294","228018001",1095.38627751425
"4295","228018002",956.015380652908
"4296","228018003",832.3126772623
"4297","228018004",1046.47600783579
"4298","228018005",1536.40430857884
"4299","228018006",1874.22633866318
"4300","228018007",928.629923516127
"4301","228018008",683.644948291537
"4302","228019001/01",220.941688655155
"4303","228019001/02",350.192041935972
"4304","228019001/03",281.147666104201
"4305","228019001/04",90.651133937236
"4306","228019002/01",30.9055982033097
"4307","228019002/02",715.951753359357
"4308","228019003",1124.86000772868
"4309","228019004/01/228019004/228019005",195.425647917446
"4310","228019005/01",564.969808908671
"4311","228020001",1518.3739181053
"4312","228020002",2011.87374121323
"4313","228020003",2143.31470437847
"4314","228020004",3028.66882177172
"4315","228020005",3159.37437876307
"4316","228020006",2364.06793637122
"4317","228020007",2213.19001324789
"4318","228021001",2648.56490590048
"4319","228021002",2385.95568874137
"4320","228021003",1691.35705318412
"4321","228021004",874.694382525506
"4322","228022001",1159.26792819912
"4323","228022002",1306.15315208739
"4324","228022003",1121.98228810186
"4325","228022004",2118.45394481869
"4326","228022005",2211.89152062548
"4327","228023001",1341.21460779976
"4328","228023002",1335.3816342929
"4329","228023003",2474.62019519889
"4330","228023004",1847.37508205441
"4331","228024001",2198.71384759356
"4332","228024002",1698.69294983673
"4333","228024003",1819.9987102544
"4334","228025001",1050.52646869066
"4335","228026001",2037.26623664396
"4336","228026002",3024.05677596562
"4337","228026003",3059.53117085584
"4338","228027001",5870.1949069163
"4339","228027002",5112.35843094983
"4340","228027003",3918.72550515408
"4341","228027004",4475.28595216963
"4342","228027005/228027006",4992.95920744442
"4343","228028001",3518.51798708973
"4344","228028002",3591.00482674186
"4345","228028003",4267.77685720525
"4346","228029001",1833.37031862867
"4347","228029002",1515.41903752547
"4348","228029003",1038.44781923422
"4349","228029004",687.943232175162
"4350","228030001",5977.58997463481
"4351","228030002",7397.1710925989
"4352","228030003",3917.81212216742
"4353","228030004",5508.82874057589
"4354","228030005",3969.64633115601
"4355","228030006",2018.153904064
"4356","228030007",6082.99850684511
"4357","228030008",2369.29189246597
"4358","228030009",1365.76522909279
"4359","228031001/01",2147.34516239803
"4360","228031001/02",2121.86282871878
"4361","228031002",1846.35967340357
"4362","228031003",1780.8690419971
"4363","228031004/228031005",3309.62458618713
"4364","228031006",3516.13738387654
"4365","228031007",2240.59367327773
"4366","228031008",2445.9129991122
"4367","228031009",1918.3566543785
"4368","228032001",2413.30771617682
"4369","228032002",2872.12008553696
"4370","228032003",2089.05839645213
"4371","228033001",3944.10681177306
"4372","228033002",4679.28171273548
"4373","228034001",1934.52728668479
"4374","228034002/228034001",1958.61184972467
"4375","228034003",1975.87920651061
"4376","228035001",6056.12089414951
"4377","228035002",6173.61726990606
"4378","228035003",5377.58562839887
"4379","228035004",5658.65560371193
"4380","228035005",4269.8170177132
"4381","228036001",654.246237335876
"4382","228036002",604.539808187183
"4383","228036003",779.589981310893
"4384","228036004",996.971607516427
"4385","228036005",1279.59661893056
"4386","228036006",1368.5781581232
"4387","228036007",1167.68077245139
"4388","228037001",705.966523785828
"4389","228037002",830.69883689287
"4390","228038001",1546.37357138625
"4391","228038002",1079.74176740143
"4392","228038003",1131.21778391874
"4393","228038004",1858.56853455263
"4394","247001001",0.104948524241283
"4395","247001002",2.67462818406852
"4396","247002001/247002003",2.85939022978291
"4397","247002002",0.0342038060797486
"4398","247002004",89.9051552170187
"4399","247002005/247002019",76.846834032113
"4400","247002006",80.9510209740968
"4401","247002007",82.3665302480725
"4402","247002008",141.069678666237
"4403","247002009",12.2255121060561
"4404","247002010",91.6598009992091
"4405","247002011",177.294191917182
"4406","247002012",80.8884196568127
"4407","247002013",86.9512649615057
"4408","247002014",178.903446369854
"4409","247002015/01",71.3692081788517
"4410","247002015/02/247002020",97.2519887923049
"4411","247002016",80.3279691139125
"4412","247002017",61.151414626343
"4413","247002018",7.94188660877567
"4414","247002021",25.3418635980031
"4415","247003001",28.9012456694074
"4416","247003002/01",118.342541682683
"4417","247003002/02",26.926168433502
"4418","247003003",211.239363821045
"4419","247003004",6.39566312226475
"4420","247003008",115.529872395312
"4421","247003010",65.5677909805704
"4422","247004001",2.9130112072551
"4423","247004003",3.25763395179578
"4424","247004004",0.172015604716525
"4425","247004005",3.13248293586826
"4426","247005001",39.0435380940795
"4427","247005002",5.96695068908751
"4428","247007001",4.27067142959097
"4429","247007002",4.52203534900217
"4430","247008001",3.483862350718
"4431","247008002",4.82178632154843
"4432","247008003",2.69592752139549
"4433","247010001",1.6810397698941
"4434","247010002",0.112287137506901
"4435","247010003",62.3341035494934
"4436","247010004",69.2435114958328
"4437","247013002",0.932600636430292
"4438","247013003",0.100816744198364
"4439","247014001",6.02444500902955
"4440","247014002",42.405373359452
"4441","247014003",2.98119201222849
"4442","247014004",78.955450340022
"4443","247014005",0.582433204135881
"4444","247014007/247014006",25.7081175582419
"4445","247015001",0.205691927919362
"4446","247015002",0.584841975773016
"4447","247015003/01",97.2264054691194
"4448","247015003/02",6.37954960789868
"4449","247015004/01",2.53679265327537
"4450","247015004/02",36.4910909483909
"4451","247021001",2.19112976792881
"4452","247021002",0.927836840435708
"4453","247022003",0.159186939391236
"4454","247022004",0.0280793773597739
"4455","247023001",0.0865088139745332
"4456","247023002",0.221361783349345
"4457","247023005",6.66690692232258
"4458","247023006",73.5536628955939
"4459","247023007",0.329483260748655
"4460","247026001/247026003",2.01978357751533
"4461","247026002",1.89986649292563
"4462","247026004",53.1099302723337
"4463","247026005",31.7194316810674
"4464","247027001/01",1.74201514570824
"4465","247027001/02",31.7042706777125
"4466","247027003",0.213147234756748
"4467","247027004",6.44715191898507
"4468","247028002",1.23503822693592
"4469","247028003",5.69278730812523
"4470","247029001",0.367433543177
"4471","247029003",0.0297149654664448
"4472","247030001",8.71077369030603
"4473","247031001/01",75.0341981244224
"4474","247031001/02",88.3856806612016
"4475","247031002",112.164736526363
"4476","247031004",31.941794816366
"4477","247031005",22.6125612855047
"4478","247033001",0.13150596675417
"4479","247033002",0.187461566999843
"4480","247033004",0.233836975276766
"4481","247033005",5.88262048443626
"4482","247035001",0.0240565850844922
"4483","247035003/247035004",5.73492511548939
"4484","247035005",6.13566946135476
"4485","247036001",15.8871012119941
"4486","247036002/247036004",9.55533509213918
"4487","247036003",133.966192491776
"4488","247037002",2.80934798799454
"4489","247038001",0.0231536020877618
"4490","247038002",52.407741330094
"4491","247038004",3.93260244487385
"4492","247038005",1.15950208313735
"4493","247040001",0.0969845952844045
"4494","247040002",129.850647598717
"4495","247040005",0.247985335550073
"4496","247040008",1.86702364750547
"4497","247040009/247040010",34.1042966673522
"4498","247040016/01",10.0204890965486
"4499","247040016/02",67.7613729543534
"4500","247041001",7.82319591132204
"4501","247041002",61.6294552918292
"4502","247041003",12.8335967246758
"4503","247041004",158.856221740727
"4504","247042002",41.4258928367394
"4505","247042003",2.70988498525265
"4506","247043001",0.336218214436146
"4507","247044003/01/247044002",11.5588909498302
"4508","247044003/02",216.356993246234
"4509","247044004",12.8842283949667
"4510","247045004/01/247045001/247045003",4.69672625017053
"4511","247045004/02/247045002",8.19864715449469
"4512","247045005",48.1047365988954
"4513","247045006",217.32791823278
"4514","247045007",197.894300203041
"4515","247045008",139.106424007184
"4516","247045009",207.138538353337
"4517","247045010",178.159100799703
"4518","247045011",318.596225862211
"4519","247045012",107.677252467701
"4520","247045013",306.566348859499
"4521","247045014",173.798733331844
"4522","247045015",116.454160211747
"4523","247045016",254.363690910032
"4524","247045017",5.68436483272177
"4525","247045018",0.000539036976737315
"4526","247045019",135.836459467618
"4527","247045020",0.135603210011893
"4528","247045021",53.8403878449833
"4529","247045022",16.8223707834703
"4530","247045023",214.865702193425
"4531","247045024",327.660644584214
"4532","247045025",249.087330943165
"4533","247045026",101.227253336174
"4534","247045027",58.1426881484348
"4535","247045028",80.1788360364228
"4536","247045029",75.1950088902936
"4537","247045030",194.005933585106
"4538","247045031",112.478191028061
"4539","247045032",66.7288051361908
"4540","247045033",159.021064818065
"4541","247045034",94.5165163511414
"4542","247045035",4.44150372003571
"4543","247045036",55.4621094922493
"4544","247045037",198.203620546705
"4545","247045038",428.156429010184
"4546","247045039",391.085855167808
"4547","247045040",192.321043772798
"4548","247045041",166.580987939619
"4549","247046001",145.462211370013
"4550","247046002",512.046213230722
"4551","247046003",519.045107805954
"4552","247046004",399.319957250236
"4553","247046005",686.535015639303
"4554","247046006",633.145897415831
"4555","247046007",1238.47267424148
"4556","247046008",555.104520603063
"4557","247046009",1153.29744699759
"4558","247046010",425.812889153095
"4559","247046011",1112.34487923034
"4560","247046012",953.633469901432
"4561","247046013",269.24600926769
"4562","247047001/01",101.366680627818
"4563","247047001/02/247047006/247047002",11.2155397570905
"4564","247047003",461.568391041378
"4565","247047004",189.804587622479
"4566","247047005/01",204.246112663315
"4567","247047005/02",114.437791154645
"4568","247047005/03",278.917104346482
"4569","247048001",0.000983841725622036
"4570","247048003",2.53326169158262
"4571","247048004",56.7617711700567
"4572","247048005",25.3504474714808
"4573","247048006/247048002",3.17440997016512
"4574","247049001/01",5.59569208584879
"4575","247049001/02/247049003/247049002",0.0875625232524556
"4576","247050002",15.2593849893869
"4577","247051001",3.99993217049634
"4578","247051002",2.97104459315746
"4579","247052001",9.34828723930708
"4580","247052003",0.028143872147591
"4581","247052005/01",256.445282024658
"4582","247052005/02",228.168922266133
"4583","247052006",2.60405718726015
"4584","247052008",170.146007707328
"4585","247052009",65.8089289766355
"4586","247052010",276.029653454012
"4587","247052011",172.991173997195
"4588","247052012",244.900209796562
"4589","247052017",0.167613342416158
"4590","247053001",13.1540084486633
"4591","247053002",762.535278804133
"4592","247053003",240.269465303623
"4593","247053004",79.2292408521778
"4594","247053005",0.204248352507479
"4595","247053006",158.702506605794
"4596","247053007",485.375585149813
"4597","247053008",787.444835027949
"4598","247053009",532.562198849935
"4599","247053010",65.9551512619299
"4600","247053011",451.549525395954
"4601","247053012",367.281121886562
"4602","247053013",349.113425633614
"4603","247053014",865.030323838655
"4604","247053015",740.436830064772
"4605","247053016",27.2439068660752
"4606","247053017",186.327887039608
"4607","247055001",2.40593525829238
"4608","247056001",3.58294241277351
"4609","247056002",5.20822639020963
"4610","247058001",3.00865309130543
"4611","247060001",0.0221607599531194
"4612","247061002/01/247061004",8.61812535827322
"4613","247061002/02",1.74862326511523
"4614","247061003",205.003535029766
"4615","247062001",0.044412313597847
"4616","247063001",0.026077126219972
"4617","247063002",0.530249161633104
"4618","247064001",4.31044616292696
"4619","247066002/247066003",0.744688506829077
"4620","247067001",3.30181353982374
"4621","247067003",6.1915531939843
"4622","247068002",0.000206004483948099
"4623","247069002",7.63920772057757
"4624","247069003",2.04709244806986
"4625","247070001",0.104616466000865
"4626","247070002",0.00534792434103547
"4627","247070003",2.93459974425323
"4628","247071001",0.91207156098212
"4629","247071003",5.05778664042436
"4630","247071004",20.1558896420482
"4631","247073001",19.1568698742922
"4632","247073002",2.5758624518957
"4633","247075001",83.309988378231
"4634","247075002",117.899146615594
"4635","247075004",11.8624757224859
"4636","247076001/247076002/247076006",4.18055889672431
"4637","247076003",2.86382035107887
"4638","247076005",48.6175382771878
"4639","247076008/247076010",35.4786602298897
"4640","247076009/247076011",3.51946360377988
"4641","247076012",72.8089483403869
"4642","247076013",55.8662860087074
"4643","247078001",0.948416211489791
"4644","247078002",1.90894337692465
"4645","247079001",9.3392061573623
"4646","247081001",107.639334674287
"4647","247081002",181.31065715395
"4648","247081003",10.8333881879186
"4649","247081004",0.353785486122961
"4650","247082001",4.00053752857864
"4651","247083001",0.00225919398675533
"4652","247083002",0.491472686158032
"4653","247083003",0.79689948772357
"4654","247085001",2.82960024443708
"4655","247085002",0.426365667616841
"4656","247085003",0.43032068764725
"4657","247085004",10.068825155954
"4658","247087001",0.133958669842062
"4659","247087002",2.85013828432753
"4660","247087003",32.2569973130198
"4661","247090001",128.376476516435
"4662","247090002",131.462714991599
"4663","247090003",128.129909233061
"4664","247090004",86.9738535640729
"4665","247090005",211.204871690758
"4666","247090006",89.0947600294579
"4667","247090007",190.41603944626
"4668","247090008",169.84861655041
"4669","247090009",353.62915840923
"4670","247090010",140.848683723418
"4671","247090011",61.6656651987044
"4672","247090012",13.7121840104211
"4673","247090013",95.919799811378
"4674","247090014",44.6910784886743
"4675","247090015",4.23911668596397
"4676","247091001",436.718802571009
"4677","247091002",254.627837189909
"4678","247091003",244.720631244921
"4679","247091004",428.175955056507
"4680","247091005",549.190977082954
"4681","247091006",373.119317272085
"4682","247091007",89.4960894053853
"4683","247091008",188.657056055656
"4684","247091009",478.028430025818
"4685","247091010",562.211472889013
"4686","247091011",176.00000000009
"4687","247091012",143.574149772639
"4688","247091013",139.589894842199
"4689","247091014",394.232444147024
"4690","247091015",445.625309489423
"4691","247091016",221.464776319727
"4692","247091017",168.633135214974
"4693","247091018",317.934435712769
"4694","247092001",2.1945721172962
"4695","247092002/01",1.48752008875337
"4696","247092002/02",30.3131085658751
"4697","247093001",0.239093749494354
"4698","247094001",18.6955064543138
"4699","247094002",48.541625867801
"4700","247094003",6.20966461584276
"4701","247094004",91.999999999983
"4702","247094005",72.1605030921135
"4703","247094006/247094008",10.2071875706199
"4704","247094009",97.0751134065905
"4705","247095001",2.96069331547494
"4706","247095002",1.71738899785805
"4707","247095003",1.5406025435612
"4708","247096002",10.6362639802142
"4709","247097001",6.40613792832766
"4710","247097002",44.2977679081774
"4711","247097003",2.40292790809643
"4712","247097004",9.44286312053291
"4713","247098001",0.604348379793609
"4714","247098003",11.8365520734428
"4715","247099001",0.00284558692030029
"4716","247100001",248.035172134372
"4717","247100002",436.284336704847
"4718","247100004",45.6984571807106
"4719","247101001",0.443350411094733
"4720","247102001",0.668258531235664
"4721","247102002/247102004/247102011",120.651145295582
"4722","247102003",155.06040539481
"4723","247102005",664.35752818135
"4724","247102006",448.955349512506
"4725","247102007/247102008",490.123051078163
"4726","247102010/247102016",298.808816050366
"4727","247102012/247102013",344.513188021605
"4728","247102014/247102015",22.4177507154462
"4729","247102017/247102009",365.003448519433
"4730","247104001",166.633294187766
"4731","247104002/247104004",36.3027066225356
"4732","247104003/247104014",0.267449415572643
"4733","247104005",146.954192125414
"4734","247104006",329.229518313455
"4735","247104008",190.012226703591
"4736","247104009/247104007",130.340635656496
"4737","247104010",303.715880575361
"4738","247104011/247104016",22.8630317670991
"4739","247104012",41.9240889750909
"4740","247104013",4.81712705241154
"4741","247104015",63.4073918125344
"4742","247105002",1.60041147102195
"4743","247106001",0.152230431436763
"4744","247106002/247106003/247106004",0.0862592891847288
"4745","247107001",168.151445423112
"4746","247107002",144.080768415702
"4747","247107003",2.5558658908509
"4748","247107004",8.48323486149256
"4749","247109001",0.69873933827235
"4750","247109002",10.211533736885
"4751","247109003/247109004",13.4893558512857
"4752","247110001",0.102189487228989
"4753","247110002",0.000196766702401969
"4754","247111003",1.1277318092208
"4755","247111004",7.0657108713893
"4756","247113001",10.8329884440819
"4757","247113002",9.13885311410841
"4758","247113003",0.573763086630085
"4759","247113004",101.00410612653
"4760","247113005",0.0953129852267169
"4761","247116001",1.79972739106158
"4762","247116002",3.06210996714345
"4763","247116003",1.14494614036266
"4764","247117001",111.260632471694
"4765","247117002",566.322906252328
"4766","247117003",173.661811583795
"4767","247117004",196.598815754141
"4768","247117005",353.334004473309
"4769","247117006",686.045553963419
"4770","247117007",810.230212509495
"4771","247117008",389.883795210347
"4772","247117009",599.249913798248
"4773","247117010",332.738647004876
"4774","247117011",95.7066956232766
"4775","247117012",454.96649071898
"4776","247117013",244.85683521663
"4777","247117014",245.68395595722
"4778","247117015",386.796422740404
"4779","247117016",359.330950383997
"4780","247117017",943.128787471179
"4781","247117018",1750.91812987248
"4782","247117019",1206.84786043308
"4783","247117020",2.86817275387799
"4784","247117021",116.730023830957
"4785","247117022",835.39243044997
"4786","247117023",773.51234103224
"4787","247117024",777.05742015472
"4788","247117026/01",52.781697041913
"4789","247117028",212.999999999862
"4790","247117029",212.999999999658
"4791","247117030",156.975936140877
"4792","247117031/01",112.764731299769
"4793","247117031/02",208.522472969401
"4794","247117031/03",106.99999999994
"4795","247117032",28.7256572968679
"4796","247117033/01",139.992787656536
"4797","247117033/02",274.987967746975
"4798","247117034",107.067981876557
"4799","247117036",147.77555488513
"4800","247117037",58.9257785714921
"4801","247117038",15.5531257096234
"4802","247117039/01",183.239672289307
"4803","247117039/02",111.193272000219
"4804","247117040",93.0763330645506
"4805","247117041",681.073424897141
"4806","247117042",574.351459378985
"4807","247117043",383.907132779026
"4808","247117044/01",88.1746929247818
"4809","247117044/02",34.3553883301278
"4810","247117044/03",24.7394410955397
"4811","247117045",211.41323271834
"4812","247117046",1136.99581750438
"4813","247118001",943.490890860623
"4814","247118002",512.601042158983
"4815","247118003",403.593380795539
"4816","247118004",212.872776193198
"4817","247118005",351.953389704324
"4818","247118006",460.424852178634
"4819","247118007",455.910545570832
"4820","247118008/247118009",1051.33257523745
"4821","247119001",0.0911729656824526
"4822","247120001",0.21481851470452
"4823","247121001",2.19210746295602
"4824","247121002",0.0318849889210686
"4825","247123001/247123002",1645.95717869044
"4826","247123003",386.417259577871
"4827","247123004",1180.54055012499
"4828","247123005",720.794305823657
"4829","247123006",1469.41562581292
"4830","247123007",1496.37288608041
"4831","247123008",1020.78566001815
"4832","247124001",481.987494101663
"4833","247124002",464.480239754877
"4834","247124003",640.113808686909
"4835","247124004",840.946227514291
"4836","247124005",1130.92969497586
"4837","247124006",1223.07149127251
"4838","247124007",901.013759377494
"4839","247124008",448.317964970383
"4840","247124009",579.667955415185
"4841","247124010",418.803689814045
"4842","247124011",417.190910101513
"4843","247124012",1172.49282947242
"4844","247124013",796.368774161431
"4845","247124014",1359.01146999281
"4846","247124015",223.065004649097
"4847","247124016",381.635627392514
"4848","247124017",253.787973109547
"4849","247124018",221.037425352935
"4850","247124019",915.636515469351
"4851","247124020",454.517664564871
